id,default_code,name,description_purchase,description_sale,purchase_ok,sale_ok,type,track_service,invoice_policy,route_ids,chemistry,list_price,taxes_id,supplier_taxes_id,standard_price,sale_delay,warranty,uom_id,categ_id,uom_po_id,property_account_income_id,property_account_expense_id,company_id/id
__setup__.product_112,112,Brin(65x15mm).Bod.140225.KOL,Traitement K33 offre Bod 17.07.2014,Traitement K33 offre Bod 17.07.2014,TRUE,FALSE,service,,Delivered quantities,Buy,,,TVA 0% exclue,TVA 8.0% sur achat B&S (Incl. TN),,,,Unit(s),Brin de bracelets,Unit(s),,4070,base.main_company
__setup__.product_113,113,Carrure.sup45.Bod.140225.KOL,Traitement K33 offre MTS140225,Traitement K33 offre MTS140225,TRUE,FALSE,service,,Delivered quantities,Buy,,,TVA 0% exclue,TVA 8.0% sur achat B&S (Incl. TN),,,,Unit(s),Carrure,Unit(s),,4070,base.main_company
__setup__.product_114,114,Brin(150x15mm).Bod.140225.KOL,Traitement K33 offre Bod 17.07.2014,Traitement K33 offre Bod 17.07.2014,TRUE,FALSE,service,,Delivered quantities,Buy,,,TVA 0% exclue,TVA 8.0% sur achat B&S (Incl. TN),,,,Unit(s),Brin de bracelets,Unit(s),,4070,base.main_company
__setup__.product_115,115,Carrure.inf45.Bod.140225.KOL,Traitement K33 offre MTS140225,Traitement K33 offre MTS140225,TRUE,FALSE,service,,Delivered quantities,Buy,,,TVA 0% exclue,TVA 8.0% sur achat B&S (Incl. TN),,,,Unit(s),Carrure,Unit(s),,4070,base.main_company
__setup__.product_116,116,Fond.sup45.Bod.140225.KOL,Traitement K33 offre MTS140225,Traitement K33 offre MTS140225,TRUE,FALSE,service,,Delivered quantities,Buy,,,TVA 0% exclue,TVA 8.0% sur achat B&S (Incl. TN),,,,Unit(s),Fond,Unit(s),,4070,base.main_company
__setup__.product_117,117,Fond.inf45.Bod.140225.KOL,Traitement K33 offre MTS140225,Traitement K33 offre MTS140225,TRUE,FALSE,service,,Delivered quantities,Buy,,,TVA 0% exclue,TVA 8.0% sur achat B&S (Incl. TN),,,,Unit(s),Fond,Unit(s),,4070,base.main_company
__setup__.product_118,118,Lunette.inf45.Bod.140225.KOL,Traitement K33 offre MTS140225,Traitement K33 offre MTS140225,TRUE,FALSE,service,,Delivered quantities,Buy,,,TVA 0% exclue,TVA 8.0% sur achat B&S (Incl. TN),,,,Unit(s),Lunette,Unit(s),,4070,base.main_company
__setup__.product_119,119,Boucle(sup25x15mm).Bod.140225.KOL,Traitement K33 offre MTS140225,Traitement K33 offre MTS140225,TRUE,FALSE,service,,Delivered quantities,Buy,,,TVA 0% exclue,TVA 8.0% sur achat B&S (Incl. TN),,,,Unit(s),Boucle,Unit(s),,4070,base.main_company
__setup__.product_120,120,Attache(25x15).Bod.140225.KOL,Traitement K33 offre MTS140225,Traitement K33 offre MTS140225,TRUE,FALSE,service,,Delivered quantities,Buy,,,TVA 0% exclue,TVA 8.0% sur achat B&S (Incl. TN),,,,Unit(s),Attache,Unit(s),,4070,base.main_company
__setup__.product_121,121,Boucle(inf25x15mm).Bod.140225.KOL,Traitement K33 offre MTS140225,Traitement K33 offre MTS140225,TRUE,FALSE,service,,Delivered quantities,Buy,,,TVA 0% exclue,TVA 8.0% sur achat B&S (Incl. TN),,,,Unit(s),Boucle,Unit(s),,4070,base.main_company
__setup__.product_122,122,Maillon(inf20x10mm).Bod.140225.KOL,Traitement K33 offre MTS140225,Traitement K33 offre MTS140225,TRUE,FALSE,service,,Delivered quantities,Buy,,,TVA 0% exclue,TVA 8.0% sur achat B&S (Incl. TN),,,,Unit(s),Maillon,Unit(s),,4070,base.main_company
__setup__.product_123,123,Prot.Cour.Bod.140225.KOL,Traitement K33 offre MTS140225,Traitement K33 offre MTS140225,TRUE,FALSE,service,,Delivered quantities,Buy,,,TVA 0% exclue,TVA 8.0% sur achat B&S (Incl. TN),,,,Unit(s),Protège Couronne,Unit(s),,4070,base.main_company
__setup__.product_124,124,Attache(inf 30x10mm).Bod.140225.KOL,Traitement K33 offre MTS140225,Traitement K33 offre MTS140225,TRUE,FALSE,service,,Delivered quantities,Buy,,,TVA 0% exclue,TVA 8.0% sur achat B&S (Incl. TN),,,,Unit(s),Attache,Unit(s),,4070,base.main_company
__setup__.product_125,125,Couronne(sup9mm).Bod.140225.KOL,Traitement K33 offre MTS140225,Traitement K33 offre MTS140225,TRUE,FALSE,service,,Delivered quantities,Buy,,,TVA 0% exclue,TVA 8.0% sur achat B&S (Incl. TN),,,,Unit(s),Couronne,Unit(s),,4070,base.main_company
__setup__.product_126,126,Maillon(20x15mm).Bod.140225.KOL,Traitement K33 offre MTS140225,Traitement K33 offre MTS140225,TRUE,FALSE,service,,Delivered quantities,Buy,,,TVA 0% exclue,TVA 8.0% sur achat B&S (Incl. TN),,,,Unit(s),Maillon,Unit(s),,4070,base.main_company
__setup__.product_127,127,Poussoir(sup 6mm).Bod.140225.KOL,Traitement K33 offre MTS140225,Traitement K33 offre MTS140225,TRUE,FALSE,service,,Delivered quantities,Buy,,,TVA 0% exclue,TVA 8.0% sur achat B&S (Incl. TN),,,,Unit(s),Poussoir,Unit(s),,4070,base.main_company
__setup__.product_128,128,Couronne(inf 9mm).Bod.140225.KOL,Traitement K33 offre MTS140225,Traitement K33 offre MTS140225,TRUE,FALSE,service,,Delivered quantities,Buy,,,TVA 0% exclue,TVA 8.0% sur achat B&S (Incl. TN),,,,Unit(s),Couronne,Unit(s),,4070,base.main_company
__setup__.product_129,129,Ardillon(sup 15x2mm).Bod.140225.KOL,Traitement K33 offre MTS140225,Traitement K33 offre MTS140225,TRUE,FALSE,service,,Delivered quantities,Buy,,,TVA 0% exclue,TVA 8.0% sur achat B&S (Incl. TN),,,,Unit(s),Ardillon,Unit(s),,4070,base.main_company
__setup__.product_130,130,Poussoir(inf 6mm).Bod.140225.KOL,Traitement K33 offre MTS140225,Traitement K33 offre MTS140225,TRUE,FALSE,service,,Delivered quantities,Buy,,,TVA 0% exclue,TVA 8.0% sur achat B&S (Incl. TN),,,,Unit(s),Poussoir,Unit(s),,4070,base.main_company
__setup__.product_131,131,Vis.sup 3mm.Bod.140225.KOL,Traitement K33 offre MTS140225,Traitement K33 offre MTS140225,TRUE,FALSE,service,,Delivered quantities,Buy,,,TVA 0% exclue,TVA 8.0% sur achat B&S (Incl. TN),,,,Unit(s),Vis,Unit(s),,4070,base.main_company
__setup__.product_132,132,Tube (5x100).Bod.KOL,Traitement K33 offre Bod 15.04.2015,Traitement K33 offre Bod 15.04.2015,TRUE,FALSE,service,,Delivered quantities,Buy,,,TVA 0% exclue,TVA 8.0% sur achat B&S (Incl. TN),,,,Unit(s),Protège Couronne,Unit(s),,4070,base.main_company
__setup__.product_133,133,Ardillon(inf 15x2mm).Bod.140225.KOL,Traitement K33 offre MTS140225,Traitement K33 offre MTS140225,TRUE,FALSE,service,,Delivered quantities,Buy,,,TVA 0% exclue,TVA 8.0% sur achat B&S (Incl. TN),,,,Unit(s),Ardillon,Unit(s),,4070,base.main_company
__setup__.product_134,134,Ecrou-roue inf 4.5mm.Bod.140225.KOL,Traitement K33 offre MTS140225,Traitement K33 offre MTS140225,TRUE,FALSE,service,,Delivered quantities,Buy,,,TVA 0% exclue,TVA 8.0% sur achat B&S (Incl. TN),,,,Unit(s),Pièce mouvement,Unit(s),,4070,base.main_company
__setup__.product_135,135,Vis.inf 3mm.Bod.140225.KOL,Traitement K33 offre MTS140225,Traitement K33 offre MTS140225,TRUE,FALSE,service,,Delivered quantities,Buy,,,TVA 0% exclue,TVA 8.0% sur achat B&S (Incl. TN),,,,Unit(s),Vis,Unit(s),,4070,base.main_company
__setup__.product_199,199,Boucle_LVBA01069_microb.LVU.POL,Boucle_LVBA01069_microb.LVU.POL,Boucle_LVBA01069_microb.LVU.POL,TRUE,FALSE,service,,Delivered quantities,Buy,,,TVA 0% exclue,TVA 8.0% sur achat B&S (Incl. TN),,,,Unit(s),Boucle,Unit(s),,4072,base.main_company
__setup__.product_200,200,Boucle_LVBA01070_poli/sat.LVU.POL,Boucle_LVBA01070_poli/sat.LVU.POL,Boucle_LVBA01070_poli/sat.LVU.POL,TRUE,FALSE,service,,Delivered quantities,Buy,,,TVA 0% exclue,TVA 8.0% sur achat B&S (Incl. TN),,,,Unit(s),Boucle,Unit(s),,4072,base.main_company
__setup__.product_201,201,Boucle.mail4220/T.Her.BUR.POL,Boucle.mail4220/T.Her.BUR.POL,Boucle.mail4220/T.Her.BUR.POL,TRUE,FALSE,service,,Delivered quantities,Buy,,,TVA 0% exclue,TVA 8.0% sur achat B&S (Incl. TN),,,,Unit(s),Boucle,Unit(s),,4072,base.main_company
__setup__.product_202,202,FOND-CC3.7.11(2421).JE.HER.POL,FOND-CC3.7.11(2421).JE.HER.POL,FOND-CC3.7.11(2421).JE.HER.POL,TRUE,FALSE,service,,Delivered quantities,Buy,,,TVA 0% exclue,TVA 8.0% sur achat B&S (Incl. TN),,,,Unit(s),Fond,Unit(s),,4072,base.main_company
__setup__.product_203,203,Car Diamaster33mm.83.1055.4359MS.LFW.POL,Car Diamaster33mm.83.1055.4359MS.LFW.POL,Car Diamaster33mm.83.1055.4359MS.LFW.POL,TRUE,FALSE,service,,Delivered quantities,Buy,,,TVA 0% exclue,TVA 8.0% sur achat B&S (Incl. TN),,,,Unit(s),Carrure,Unit(s),,4072,base.main_company
__setup__.product_204,204,Car Diamaster40mm.83.1054.4359GS-B.LFW.POL,Car Diamaster40mm.83.1054.4359GS-B.LFW.POL,Car Diamaster40mm.83.1054.4359GS-B.LFW.POL,TRUE,FALSE,service,,Delivered quantities,Buy,,,TVA 0% exclue,TVA 8.0% sur achat B&S (Incl. TN),,,,Unit(s),Carrure,Unit(s),,4072,base.main_company
__setup__.product_205,205,Car Diamaster41mmB.83.0419.4359GS-A.LFW.POL,Car Diamaster41mmB.83.0419.4359GS-A.LFW.POL,Car Diamaster41mmB.83.0419.4359GS-A.LFW.POL,TRUE,FALSE,service,,Delivered quantities,Buy,,,TVA 0% exclue,TVA 8.0% sur achat B&S (Incl. TN),,,,Unit(s),Carrure,Unit(s),,4072,base.main_company
__setup__.product_206,206,Car Diamaster41mm.83.1053.4359GS-A.LFW.POL,Car Diamaster41mm.83.1053.4359GS-A.LFW.POL,Car Diamaster41mm.83.1053.4359GS-A.LFW.POL,TRUE,FALSE,service,,Delivered quantities,Buy,,,TVA 0% exclue,TVA 8.0% sur achat B&S (Incl. TN),,,,Unit(s),Carrure,Unit(s),,4072,base.main_company
__setup__.product_207,207,Car Diamaster45mm.83.1052.4359XS.LFW.POL,Car Diamaster45mm.83.1052.4359XS.LFW.POL,Car Diamaster45mm.83.1052.4359XS.LFW.POL,TRUE,FALSE,service,,Delivered quantities,Buy,,,TVA 0% exclue,TVA 8.0% sur achat B&S (Incl. TN),,,,Unit(s),Carrure,Unit(s),,4072,base.main_company
__setup__.product_208,208,Carrure Diamaster33mm-B.83.1065.RAD.POL,Carrure Diamaster33mm-B.83.1065.RAD.POL,Carrure Diamaster33mm-B.83.1065.RAD.POL,TRUE,FALSE,service,,Delivered quantities,Buy,,,TVA 0% exclue,TVA 8.0% sur achat B&S (Incl. TN),,,,Unit(s),Carrure,Unit(s),,4072,base.main_company
__setup__.product_209,209,Carrure Diamaster33mm.83.1055.RAD.POL,Carrure Diamaster33mm.83.1055.RAD.POL,Carrure Diamaster33mm.83.1055.RAD.POL,TRUE,FALSE,service,,Delivered quantities,Buy,,,TVA 0% exclue,TVA 8.0% sur achat B&S (Incl. TN),,,,Unit(s),Carrure,Unit(s),,4072,base.main_company
__setup__.product_210,210,Carrure Diamaster40mm.83.1054.RAD.POL,Carrure Diamaster40mm.83.1054.RAD.POL,Carrure Diamaster40mm.83.1054.RAD.POL,TRUE,FALSE,service,,Delivered quantities,Buy,,,TVA 0% exclue,TVA 8.0% sur achat B&S (Incl. TN),,,,Unit(s),Carrure,Unit(s),,4072,base.main_company
__setup__.product_211,211,Carrure Diamaster41mm.83.1053.RAD.POL,Carrure Diamaster41mm.83.1053.RAD.POL,Carrure Diamaster41mm.83.1053.RAD.POL,TRUE,FALSE,service,,Delivered quantities,Buy,,,TVA 0% exclue,TVA 8.0% sur achat B&S (Incl. TN),,,,Unit(s),Carrure,Unit(s),,4072,base.main_company
__setup__.product_212,212,Carrure Diamaster45mm.83.1052.RAD.POL,Carrure Diamaster45mm.83.1052.RAD.POL,Carrure Diamaster45mm.83.1052.RAD.POL,TRUE,FALSE,service,,Delivered quantities,Buy,,,TVA 0% exclue,TVA 8.0% sur achat B&S (Incl. TN),,,,Unit(s),Carrure,Unit(s),,4072,base.main_company
__setup__.product_213,213,CARR-CC3.7.11(2421).JE.HER.POL,CARR-CC3.7.11(2421).JE.HER.POL,CARR-CC3.7.11(2421).JE.HER.POL,TRUE,FALSE,service,,Delivered quantities,Buy,,,TVA 0% exclue,TVA 8.0% sur achat B&S (Incl. TN),,,,Unit(s),Carrure,Unit(s),,4072,base.main_company
__setup__.product_214,214,Lun.Fin.OC41.Aci.Stn.Cir.Pol.BUL.POL,Lun.Fin.OC41.Aci.Stn.Cir.Pol.BUL.POL,Lun.Fin.OC41.Aci.Stn.Cir.Pol.BUL.POL,TRUE,FALSE,service,,Delivered quantities,Buy,,,TVA 0% exclue,TVA 8.0% sur achat B&S (Incl. TN),,,,Unit(s),Lunette,Unit(s),,4072,base.main_company
__setup__.product_215,215,Lun.Fin.GG38.Aci.Stn.Cir.Pol.BUL.POL,Lun.Fin.GG38.Aci.Stn.Cir.Pol.BUL.POL,Lun.Fin.GG38.Aci.Stn.Cir.Pol.BUL.POL,TRUE,FALSE,service,,Delivered quantities,Buy,,,TVA 0% exclue,TVA 8.0% sur achat B&S (Incl. TN),,,,Unit(s),Lunette,Unit(s),,4072,base.main_company
__setup__.product_216,216,Lun.Fin.GG40.Aci.Stn.Cir.Pol.BUL.POL,Lun.Fin.GG40.Aci.Stn.Cir.Pol.BUL.POL,Lun.Fin.GG40.Aci.Stn.Cir.Pol.BUL.POL,TRUE,FALSE,service,,Delivered quantities,Buy,,,TVA 0% exclue,TVA 8.0% sur achat B&S (Incl. TN),,,,Unit(s),Lunette,Unit(s),,4072,base.main_company
__setup__.product_217,217,Lun.Fin.GG41.Aci.Stn.Cir.Pol.BUL.POL,Lun.Fin.GG41.Aci.Stn.Cir.Pol.BUL.POL,Lun.Fin.GG41.Aci.Stn.Cir.Pol.BUL.POL,TRUE,FALSE,service,,Delivered quantities,Buy,,,TVA 0% exclue,TVA 8.0% sur achat B&S (Incl. TN),,,,Unit(s),Lunette,Unit(s),,4072,base.main_company
__setup__.product_136,136,CARR-CC3.7.11(2421).JE.HER.DLC,Terminaison Satinée Traitement DLC,Terminaison Satinée Traitement DLC,TRUE,FALSE,service,,Delivered quantities,Buy,,,TVA 0% exclue,TVA 8.0% sur achat B&S (Incl. TN),,,,Unit(s),Carrure,Unit(s),,4080,base.main_company
__setup__.product_137,137,FOND-CC3.7.11(2421).JE.HER.DLC,Terminaison Satinée/microbillée/polie Traitement DLC,Terminaison Satinée/microbillée/polie Traitement DLC,TRUE,FALSE,service,,Delivered quantities,Buy,,,TVA 0% exclue,TVA 8.0% sur achat B&S (Incl. TN),,,,Unit(s),Fond,Unit(s),,4080,base.main_company
__setup__.product_138,138,Boucle.mail4220/T.Her.BUR.DLC,Boucle satinée sans ardillon Traitement DLC,Boucle satinée sans ardillon Traitement DLC,TRUE,FALSE,service,,Delivered quantities,Buy,,,TVA 0% exclue,TVA 8.0% sur achat B&S (Incl. TN),,,,Unit(s),Boucle,Unit(s),,4080,base.main_company
__setup__.product_139,139,Boucle_LVBA01069_microb.LVU.DLC,"Terminaison microbillée,Taille 18 mm Traitement DLC","Terminaison microbillée,Taille 18 mm Traitement DLC",TRUE,FALSE,service,,Delivered quantities,Buy,,,TVA 0% exclue,TVA 8.0% sur achat B&S (Incl. TN),,,,Unit(s),Boucle,Unit(s),,4080,base.main_company
__setup__.product_140,140,Boucle_LVBA01070_poli/sat.LVU.DLC,"Terminaison polie/satiné,Taille 18 mm Traitement DLC","Terminaison polie/satiné,Taille 18 mm Traitement DLC",TRUE,FALSE,service,,Delivered quantities,Buy,,,TVA 0% exclue,TVA 8.0% sur achat B&S (Incl. TN),,,,Unit(s),Boucle,Unit(s),,4080,base.main_company
__setup__.product_141,141,Ardillon.ferm2185/T.Her.BUR.DLC,Ardillon Poli Hermès Traitement DLC (sans traitement INORYS),Ardillon Poli Hermès Traitement DLC (sans traitement INORYS),TRUE,FALSE,service,,Delivered quantities,Buy,,,TVA 0% exclue,TVA 8.0% sur achat B&S (Incl. TN),,,,Unit(s),Ardillon,Unit(s),,4080,base.main_company
__setup__.product_1,1,Lun.Fin.GG38.Aci.Stn.Cir.Pol.BUL.INORYS,Lunette Octo GG38 Bulgari Terminaison polie/satinée/microbillée Traité Inorys,Lunette Octo GG38 Bulgari Terminaison polie/satinée/microbillée Traité Inorys,FALSE,TRUE,product,,Delivered quantities,MTO: Dur. + Pol.,,24.7,TVA due à 8.0% (Incl. TN),TVA 8.0% sur achat B&S (Incl. TN),,35,,Unit(s),Lunette,Unit(s),,,base.main_company
__setup__.product_2,2,Lun.Fin.GG38.Aci.Stn.Cir.Pol.BUL.INORYS.01,Lunette Octo GG38 Bulgari Terminaison polie/satinée/microbillée Traité Inorys en Rhabillage,Lunette Octo GG38 Bulgari Terminaison polie/satinée/microbillée Traité Inorys en Rhabillage,FALSE,TRUE,product,,Delivered quantities,MTO: Rhabillage DLC + Pol.,,0,TVA due à 8.0% (Incl. TN),TVA 8.0% sur achat B&S (Incl. TN),,21,,Unit(s),Lunette,Unit(s),,,base.main_company
__setup__.product_3,3,Lun.Fin.GG40.Aci.Stn.Cir.Pol.BUL.INORYS.01,Lunette Octo GG40 Bulgari Terminaison polie/satinée/microbillée Traité Inorys en Rhabillage,Lunette Octo GG40 Bulgari Terminaison polie/satinée/microbillée Traité Inorys en Rhabillage,FALSE,TRUE,product,,Delivered quantities,MTO: Rhabillage DLC + Pol.,,0,TVA due à 8.0% (Incl. TN),TVA 8.0% sur achat B&S (Incl. TN),,21,,Unit(s),Lunette,Unit(s),,,base.main_company
__setup__.product_4,4,Lun.Fin.GG41.Aci.Stn.Cir.Pol.BUL.INORYS.01,Lunette Octo GG41 Bulgari Terminaison polie/satinée/microbillée Traité INORYS en Rhabillage,Lunette Octo GG41 Bulgari Terminaison polie/satinée/microbillée Traité INORYS en Rhabillage,FALSE,TRUE,product,,Delivered quantities,MTO: Rhabillage DLC + Pol.,,0,TVA due à 8.0% (Incl. TN),TVA 8.0% sur achat B&S (Incl. TN),,21,,Unit(s),Lunette,Unit(s),,,base.main_company
__setup__.product_5,5,Lun.Fin.OC41.Aci.Stn.Cir.Pol.BUL.INORYS.01,Lunette Octo OC41 Bulgari Terminaison polie/satinée/microbillée Traité Inorys en Rhabillage,Lunette Octo OC41 Bulgari Terminaison polie/satinée/microbillée Traité Inorys en Rhabillage,FALSE,TRUE,product,,Delivered quantities,MTO: Rhabillage DLC + Pol.,,0,TVA due à 8.0% (Incl. TN),TVA 8.0% sur achat B&S (Incl. TN),,21,,Unit(s),Lunette,Unit(s),,,base.main_company
__setup__.product_6,6,Lun.Fin.OC41.Aci.Stn.Cir.Pol.BUL.INORYS,Lunette Octo OC41 Bulgari Terminaison polie/satinée/microbillée Traité Inorys,Lunette Octo OC41 Bulgari Terminaison polie/satinée/microbillée Traité Inorys,FALSE,TRUE,product,,Delivered quantities,MTO: Dur.,,25.3,TVA due à 8.0% (Incl. TN),TVA 8.0% sur achat B&S (Incl. TN),,35,,Unit(s),Lunette,Unit(s),,,base.main_company
__setup__.product_7,7,Lun.Fin.GG40.Aci.Stn.Cir.Pol.BUL.INORYS,Lunette Octo GG40 Bulgari Terminaison polie/satinée/microbillée Traité Inorys,Lunette Octo GG40 Bulgari Terminaison polie/satinée/microbillée Traité Inorys,FALSE,TRUE,product,,Delivered quantities,MTO: Dur.,,25.3,TVA due à 8.0% (Incl. TN),TVA 8.0% sur achat B&S (Incl. TN),,35,,Unit(s),Lunette,Unit(s),,,base.main_company
__setup__.product_8,8,Lun.Fin.GG41.Aci.Stn.Cir.Pol.BUL.INORYS,Lunette Octo GG41 Bulgari Terminaison polie/satinée/microbillée Traité Inorys,Lunette Octo GG41 Bulgari Terminaison polie/satinée/microbillée Traité Inorys,FALSE,TRUE,product,,Delivered quantities,MTO: Dur.,,25.3,TVA due à 8.0% (Incl. TN),TVA 8.0% sur achat B&S (Incl. TN),,35,,Unit(s),Lunette,Unit(s),,,base.main_company
__setup__.product_9,9,Boucle.mail4220/T.Her.BUR.INORYS+DLC,Boucle satinée sans ardillon Traitement INORYS + DLC,Boucle satinée sans ardillon Traitement INORYS + DLC,FALSE,TRUE,product,,Delivered quantities,MTO: Dur. + Pol. + DLC,,23.4,TVA due à 8.0% (Incl. TN),TVA 8.0% sur achat B&S (Incl. TN),,56,,Unit(s),Boucle,Unit(s),,,base.main_company
__setup__.product_10,10,Boucle.mail4220/T.Her.BUR.INORYS+DLC.01,Boucle satinée sans ardillon En Rhabillage aux frais de MTS,Boucle satinée sans ardillon En Rhabillage aux frais de MTS,FALSE,TRUE,product,,Delivered quantities,MTO: Rhabillage DLC + Pol.,,0,TVA due à 8.0% (Incl. TN),TVA 8.0% sur achat B&S (Incl. TN),,28,,Unit(s),Boucle,Unit(s),,,base.main_company
__setup__.product_11,11,Ardillon.ferm2185/T.Her.BUR.DLC,Ardillon Poli Hermès Traitement DLC (sans traitement INORYS),Ardillon Poli Hermès Traitement DLC (sans traitement INORYS),FALSE,TRUE,product,,Delivered quantities,MTO: Dur. + Pol. + DLC,,3.95,TVA due à 8.0% (Incl. TN),TVA 8.0% sur achat B&S (Incl. TN),,28,,Unit(s),Ardillon,Unit(s),,,base.main_company
__setup__.product_12,12,Boucle.mail4220/T.Her.BUR.DLC.01,Boucle Hermès satinée Détraitement DLC,Boucle Hermès satinée Détraitement DLC,FALSE,TRUE,product,,Delivered quantities,MTO: Rhabillage DLC + Pol.,,0,TVA due à 8.0% (Incl. TN),TVA 8.0% sur achat B&S (Incl. TN),,14,,Unit(s),Boucle,Unit(s),,,base.main_company
__setup__.product_13,13,Tube INOX/D4/5*100.INORYS,Traitement Inorys,Traitement Inorys,FALSE,TRUE,product,,Delivered quantities,MTO: Dur.,,8.15,TVA due à 8.0% (Incl. TN),TVA 8.0% sur achat B&S (Incl. TN),,35,,Unit(s),Tube,Unit(s),,,base.main_company
__setup__.product_14,14,Tube INOX/D4/5*100.INORYS.01,En Rhabillage aux Frais de MTS,En Rhabillage aux Frais de MTS,FALSE,TRUE,product,,Delivered quantities,MTO: Rhabillage DLC + Pol.,,0,TVA due à 8.0% (Incl. TN),TVA 8.0% sur achat B&S (Incl. TN),,,,Unit(s),Tube,Unit(s),,,base.main_company
__setup__.product_15,15,Maillon poli(<20x10mm).XXX.INORYS+DLC,Article pour Essai Traitement Inorys + DLC,Article pour Essai Traitement Inorys + DLC,FALSE,TRUE,product,,Delivered quantities,MTO: Dur. + Pol. + DLC,,0,TVA due à 8.0% (Incl. TN),TVA 8.0% sur achat B&S (Incl. TN),,,,Unit(s),Maillon,Unit(s),,,base.main_company
__setup__.product_16,16,Boucle microbillée(<25x15mm).XXX.INORYS+DLC,Article pour Essai Traitement Inorys + DLC,Article pour Essai Traitement Inorys + DLC,FALSE,TRUE,product,,Delivered quantities,MTO: Dur. + Pol. + DLC,,0,TVA due à 8.0% (Incl. TN),TVA 8.0% sur achat B&S (Incl. TN),,,,Unit(s),Boucle,Unit(s),,,base.main_company
__setup__.product_17,17,Boucle microbillée/polie(<25x15mm).XXX.INORYS+DLC,Article pour Essai Traitement Inorys + DLC,Article pour Essai Traitement Inorys + DLC,FALSE,TRUE,product,,Delivered quantities,MTO: Dur. + Pol. + DLC,,0,TVA due à 8.0% (Incl. TN),TVA 8.0% sur achat B&S (Incl. TN),,,,Unit(s),Boucle,Unit(s),,,base.main_company
__setup__.product_18,18,Boucle polie(<25x15mm).XXX.INORYS+DLC,Article pour Essai Traitement Inorys + DLC,Article pour Essai Traitement Inorys + DLC,FALSE,TRUE,product,,Delivered quantities,MTO: Dur. + Pol. + DLC,,0,TVA due à 8.0% (Incl. TN),TVA 8.0% sur achat B&S (Incl. TN),,,,Unit(s),Boucle,Unit(s),,,base.main_company
__setup__.product_19,19,Boucle microbillée(<25x15mm).XXX.INORYS,Article pour Essai Traitement Inorys,Article pour Essai Traitement Inorys,FALSE,TRUE,product,,Delivered quantities,MTO: Dur.,,0,TVA due à 8.0% (Incl. TN),TVA 8.0% sur achat B&S (Incl. TN),,35,,Unit(s),Boucle,Unit(s),,,base.main_company
__setup__.product_20,20,Boucle microbillée/polie(<25x15mm).XXX.INORYS,Article pour Essai Traitement Inorys,Article pour Essai Traitement Inorys,FALSE,TRUE,product,,Delivered quantities,MTO: Dur.,,0,TVA due à 8.0% (Incl. TN),TVA 8.0% sur achat B&S (Incl. TN),,35,,Unit(s),Boucle,Unit(s),,,base.main_company
__setup__.product_21,21,Boucle polie(<25x15mm).XXX.INORYS,Article pour Essai Traitement Inorys,Article pour Essai Traitement Inorys,FALSE,TRUE,product,,Delivered quantities,MTO: Dur.,,0,TVA due à 8.0% (Incl. TN),TVA 8.0% sur achat B&S (Incl. TN),,35,,Unit(s),Boucle,Unit(s),,,base.main_company
__setup__.product_22,22,Boucle(>25x15mm).XXX.INORYS,Article pour Essai Traitement Inorys,Article pour Essai Traitement Inorys,FALSE,TRUE,product,,Delivered quantities,MTO: Dur.,,0,TVA due à 8.0% (Incl. TN),TVA 8.0% sur achat B&S (Incl. TN),,35,,Unit(s),Boucle,Unit(s),,,base.main_company
__setup__.product_23,23,Brin Bracelet acier poli/satiné.XXX.INORYS,Article pour Essai Traitement Inorys,Article pour Essai Traitement Inorys,FALSE,TRUE,product,,Delivered quantities,MTO: Dur.,,0,TVA due à 8.0% (Incl. TN),TVA 8.0% sur achat B&S (Incl. TN),,35,,Unit(s),Brin de bracelets,Unit(s),,,base.main_company
__setup__.product_24,24,Brin Bracelet acier satiné.XXX.INORYS,Article pour Essai Traitement Inorys,Article pour Essai Traitement Inorys,FALSE,TRUE,product,,Delivered quantities,MTO: Dur.,,0,TVA due à 8.0% (Incl. TN),TVA 8.0% sur achat B&S (Incl. TN),,35,,Unit(s),Brin de bracelets,Unit(s),,,base.main_company
__setup__.product_25,25,Carrure polie (< 30 mm).XXX.INORYS,Article pour Essai Traitement Inorys,Article pour Essai Traitement Inorys,FALSE,TRUE,product,,Delivered quantities,MTO: Dur.,,0,TVA due à 8.0% (Incl. TN),TVA 8.0% sur achat B&S (Incl. TN),,35,,Unit(s),Carrure,Unit(s),,,base.main_company
__setup__.product_26,26,Carrure polie (<45 mm).XXX.INORYS,Article pour Essai Traitement Inorys,Article pour Essai Traitement Inorys,FALSE,TRUE,product,,Delivered quantities,MTO: Dur.,,0,TVA due à 8.0% (Incl. TN),TVA 8.0% sur achat B&S (Incl. TN),,35,,Unit(s),Carrure,Unit(s),,,base.main_company
__setup__.product_27,27,Carrure polie/satinée (< 45 mm).XXX.INORYS,Article pour Essai Traitement Inorys,Article pour Essai Traitement Inorys,FALSE,TRUE,product,,Delivered quantities,MTO: Dur.,,0,TVA due à 8.0% (Incl. TN),TVA 8.0% sur achat B&S (Incl. TN),,35,,Unit(s),Carrure,Unit(s),,,base.main_company
__setup__.product_28,28,Carrure satinée/microbillé (< 30 mm).XXX.INORYS,Article pour Essai Traitement Inorys,Article pour Essai Traitement Inorys,FALSE,TRUE,product,,Delivered quantities,MTO: Dur.,,0,TVA due à 8.0% (Incl. TN),TVA 8.0% sur achat B&S (Incl. TN),,35,,Unit(s),Carrure,Unit(s),,,base.main_company
__setup__.product_29,29,Carrure satinée (< 45 mm).XXX.INORYS,Article pour Essai Traitement Inorys,Article pour Essai Traitement Inorys,FALSE,TRUE,product,,Delivered quantities,MTO: Dur.,,0,TVA due à 8.0% (Incl. TN),TVA 8.0% sur achat B&S (Incl. TN),,35,,Unit(s),Carrure,Unit(s),,,base.main_company
__setup__.product_30,30,Fond poli/satiné(<45mm).XXX.INORYS,Article pour Essai Traitement Inorys,Article pour Essai Traitement Inorys,FALSE,TRUE,product,,Delivered quantities,MTO: Dur.,,0,TVA due à 8.0% (Incl. TN),TVA 8.0% sur achat B&S (Incl. TN),,35,,Unit(s),Fond,Unit(s),,,base.main_company
__setup__.product_31,31,Fond satiné(<45mm).XXX.INORYS,Article pour Essai Traitement Inorys,Article pour Essai Traitement Inorys,FALSE,TRUE,product,,Delivered quantities,MTO: Dur.,,0,TVA due à 8.0% (Incl. TN),TVA 8.0% sur achat B&S (Incl. TN),,35,,Unit(s),Fond,Unit(s),,,base.main_company
__setup__.product_32,32,Fond satiné/microbillé(<45mm).XXX.INORYS,Article pour Essai Traitement Inorys,Article pour Essai Traitement Inorys,FALSE,TRUE,product,,Delivered quantities,MTO: Dur.,,0,TVA due à 8.0% (Incl. TN),TVA 8.0% sur achat B&S (Incl. TN),,35,,Unit(s),Fond,Unit(s),,,base.main_company
__setup__.product_33,33,Lunette polie (<45 mm).XXX.INORYS,Article pour Essai Traitement Inorys,Article pour Essai Traitement Inorys,FALSE,TRUE,product,,Delivered quantities,MTO: Dur.,,0,TVA due à 8.0% (Incl. TN),TVA 8.0% sur achat B&S (Incl. TN),,35,,Unit(s),Lunette,Unit(s),,,base.main_company
__setup__.product_34,34,Lunette polie/satinée (< 45 mm).XXX.INORYS,Article pour Essai Traitement Inorys,Article pour Essai Traitement Inorys,FALSE,TRUE,product,,Delivered quantities,MTO: Dur.,,0,TVA due à 8.0% (Incl. TN),TVA 8.0% sur achat B&S (Incl. TN),,35,,Unit(s),Lunette,Unit(s),,,base.main_company
__setup__.product_35,35,Lunette satinée/microbillée (< 45 mm).XXX.INORYS,Article pour Essai Traitement Inorys,Article pour Essai Traitement Inorys,FALSE,TRUE,product,,Delivered quantities,MTO: Dur.,,0,TVA due à 8.0% (Incl. TN),TVA 8.0% sur achat B&S (Incl. TN),,35,,Unit(s),Lunette,Unit(s),,,base.main_company
__setup__.product_36,36,Maillon poli(<20x10mm).XXX.INORYS,Article pour Essai Traitement Inorys,Article pour Essai Traitement Inorys,FALSE,TRUE,product,,Delivered quantities,MTO: Dur.,,0,TVA due à 8.0% (Incl. TN),TVA 8.0% sur achat B&S (Incl. TN),,35,,Unit(s),Maillon,Unit(s),,,base.main_company
__setup__.product_37,37,Boucle(>25x15mm).XXX.INORYS+DLC,Article pour Essai Traitement Inorys + DLC,Article pour Essai Traitement Inorys + DLC,FALSE,TRUE,product,,Delivered quantities,MTO: Dur. + Pol. + DLC,,0,TVA due à 8.0% (Incl. TN),TVA 8.0% sur achat B&S (Incl. TN),,,,Unit(s),Boucle,Unit(s),,,base.main_company
__setup__.product_38,38,Poussoir(>6mm.diam).XXX.INORYS,Article pour Essai Traitement Inorys,Article pour Essai Traitement Inorys,FALSE,TRUE,product,,Delivered quantities,MTO: Dur.,,0,TVA due à 8.0% (Incl. TN),TVA 8.0% sur achat B&S (Incl. TN),,35,,Unit(s),Poussoir,Unit(s),,,base.main_company
__setup__.product_39,39,Vis microbillée.XXX.INORYS,Article pour Essai Traitement Inorys,Article pour Essai Traitement Inorys,FALSE,TRUE,product,,Delivered quantities,MTO: Dur.,,0,TVA due à 8.0% (Incl. TN),TVA 8.0% sur achat B&S (Incl. TN),,35,,Unit(s),Vis,Unit(s),,,base.main_company
__setup__.product_40,40,Vis polie(<3mm.diam).XXX.INORYS,Article pour Essai Traitement Inorys,Article pour Essai Traitement Inorys,FALSE,TRUE,product,,Delivered quantities,MTO: Dur.,,0,TVA due à 8.0% (Incl. TN),TVA 8.0% sur achat B&S (Incl. TN),,35,,Unit(s),Vis,Unit(s),,,base.main_company
__setup__.product_41,41,Boucle satinée(<25x15mm).XXX.INORYS,Article pour Essai Traitement Inorys,Article pour Essai Traitement Inorys,FALSE,TRUE,product,,Delivered quantities,MTO: Dur.,,0,TVA due à 8.0% (Incl. TN),TVA 8.0% sur achat B&S (Incl. TN),,35,,Unit(s),Boucle,Unit(s),,,base.main_company
__setup__.product_42,42,Carrure polie/microbillé (< 45 mm).XXX.INORYS,Article pour Essai Traitement Inorys,Article pour Essai Traitement Inorys,FALSE,TRUE,product,,Delivered quantities,MTO: Dur.,,0,TVA due à 8.0% (Incl. TN),TVA 8.0% sur achat B&S (Incl. TN),,35,,Unit(s),Carrure,Unit(s),,,base.main_company
__setup__.product_43,43,Fond (>45mm).XXX.INORYS,Article pour Essai Traitement Inorys,Article pour Essai Traitement Inorys,FALSE,TRUE,product,,Delivered quantities,MTO: Dur.,,0,TVA due à 8.0% (Incl. TN),TVA 8.0% sur achat B&S (Incl. TN),,35,,Unit(s),Fond,Unit(s),,,base.main_company
__setup__.product_44,44,Fond poli(<45mm).XXX.INORYS,Article pour Essai Traitement Inorys,Article pour Essai Traitement Inorys,FALSE,TRUE,product,,Delivered quantities,MTO: Dur.,,0,TVA due à 8.0% (Incl. TN),TVA 8.0% sur achat B&S (Incl. TN),,35,,Unit(s),Fond,Unit(s),,,base.main_company
__setup__.product_45,45,Fond poli/microbillé(<45mm).XXX.INORYS,Article pour Essai Traitement Inorys,Article pour Essai Traitement Inorys,FALSE,TRUE,product,,Delivered quantities,MTO: Dur.,,0,TVA due à 8.0% (Incl. TN),TVA 8.0% sur achat B&S (Incl. TN),,35,,Unit(s),Fond,Unit(s),,,base.main_company
__setup__.product_46,46,Maillon(<20x10mm).XXX.INORYS,Article pour Essai Traitement Inorys,Article pour Essai Traitement Inorys,FALSE,TRUE,product,,Delivered quantities,MTO: Dur.,,0,TVA due à 8.0% (Incl. TN),TVA 8.0% sur achat B&S (Incl. TN),,35,,Unit(s),Maillon,Unit(s),,,base.main_company
__setup__.product_47,47,Poussoir(<6mm.diam).XXX.INORYS,Article pour Essai Traitement Inorys,Article pour Essai Traitement Inorys,FALSE,TRUE,product,,Delivered quantities,MTO: Dur.,,0,TVA due à 8.0% (Incl. TN),TVA 8.0% sur achat B&S (Incl. TN),,35,,Unit(s),Poussoir,Unit(s),,,base.main_company
__setup__.product_48,48,Tube.XXX.INORYS,Article pour Essai Traitement Inorys,Article pour Essai Traitement Inorys,FALSE,TRUE,product,,Delivered quantities,MTO: Dur.,,0,TVA due à 8.0% (Incl. TN),TVA 8.0% sur achat B&S (Incl. TN),,35,,Unit(s),Tube,Unit(s),,,base.main_company
__setup__.product_49,49,Vis polie(>3mm.diam).XXX.INORYS,Article pour Essai Traitement Inorys,Article pour Essai Traitement Inorys,FALSE,TRUE,product,,Delivered quantities,MTO: Dur.,,0,TVA due à 8.0% (Incl. TN),TVA 8.0% sur achat B&S (Incl. TN),,35,,Unit(s),Vis,Unit(s),,,base.main_company
__setup__.product_50,50,Brin Bracelet acier poli/satiné.XXX.INORYS+DLC,Article pour Essai Traitement Inorys + DLC,Article pour Essai Traitement Inorys + DLC,FALSE,TRUE,product,,Delivered quantities,MTO: Dur. + Pol. + DLC,,0,TVA due à 8.0% (Incl. TN),TVA 8.0% sur achat B&S (Incl. TN),,56,,Unit(s),Brin de bracelets,Unit(s),,,base.main_company
__setup__.product_51,51,Brin Bracelet acier satiné.XXX.INORYS+DLC,Article pour Essai Traitement Inorys + DLC,Article pour Essai Traitement Inorys + DLC,FALSE,TRUE,product,,Delivered quantities,MTO: Dur. + Pol. + DLC,,0,TVA due à 8.0% (Incl. TN),TVA 8.0% sur achat B&S (Incl. TN),,56,,Unit(s),Brin de bracelets,Unit(s),,,base.main_company
__setup__.product_52,52,Carrure polie (< 30 mm).XXX.INORYS+DLC,Article pour Essai Traitement Inorys + DLC,Article pour Essai Traitement Inorys + DLC,FALSE,TRUE,product,,Delivered quantities,MTO: Dur. + Pol. + DLC,,0,TVA due à 8.0% (Incl. TN),TVA 8.0% sur achat B&S (Incl. TN),,56,,Unit(s),Carrure,Unit(s),,,base.main_company
__setup__.product_53,53,Carrure polie (<45 mm).XXX.INORYS+DLC,Article pour Essai Traitement Inorys + DLC,Article pour Essai Traitement Inorys + DLC,FALSE,TRUE,product,,Delivered quantities,MTO: Dur. + Pol. + DLC,,0,TVA due à 8.0% (Incl. TN),TVA 8.0% sur achat B&S (Incl. TN),,56,,Unit(s),Carrure,Unit(s),,,base.main_company
__setup__.product_54,54,Carrure polie/satinée (< 45 mm).XXX.INORYS+DLC,Article pour Essai Traitement Inorys + DLC,Article pour Essai Traitement Inorys + DLC,FALSE,TRUE,product,,Delivered quantities,MTO: Dur. + Pol. + DLC,,0,TVA due à 8.0% (Incl. TN),TVA 8.0% sur achat B&S (Incl. TN),,56,,Unit(s),Carrure,Unit(s),,,base.main_company
__setup__.product_55,55,Carrure satinée/microbillé (< 30 mm).XXX.INORYS+DLC,Article pour Essai Traitement Inorys + DLC,Article pour Essai Traitement Inorys + DLC,FALSE,TRUE,product,,Delivered quantities,MTO: Dur. + Pol. + DLC,,0,TVA due à 8.0% (Incl. TN),TVA 8.0% sur achat B&S (Incl. TN),,56,,Unit(s),Carrure,Unit(s),,,base.main_company
__setup__.product_56,56,Carrure satinée (< 45 mm).XXX.INORYS+DLC,Article pour Essai Traitement Inorys + DLC,Article pour Essai Traitement Inorys + DLC,FALSE,TRUE,product,,Delivered quantities,MTO: Dur. + Pol. + DLC,,0,TVA due à 8.0% (Incl. TN),TVA 8.0% sur achat B&S (Incl. TN),,56,,Unit(s),Carrure,Unit(s),,,base.main_company
__setup__.product_57,57,Fond poli/satiné(<45mm).XXX.INORYS+DLC,Article pour Essai Traitement Inorys + DLC,Article pour Essai Traitement Inorys + DLC,FALSE,TRUE,product,,Delivered quantities,MTO: Dur. + Pol. + DLC,,0,TVA due à 8.0% (Incl. TN),TVA 8.0% sur achat B&S (Incl. TN),,56,,Unit(s),Fond,Unit(s),,,base.main_company
__setup__.product_58,58,Fond satiné(<45mm).XXX.INORYS+DLC,Article pour Essai Traitement Inorys + DLC,Article pour Essai Traitement Inorys + DLC,FALSE,TRUE,product,,Delivered quantities,MTO: Dur. + Pol. + DLC,,0,TVA due à 8.0% (Incl. TN),TVA 8.0% sur achat B&S (Incl. TN),,56,,Unit(s),Fond,Unit(s),,,base.main_company
__setup__.product_59,59,Fond satiné/microbillé(<45mm).XXX.INORYS+DLC,Article pour Essai Traitement Inorys + DLC,Article pour Essai Traitement Inorys + DLC,FALSE,TRUE,product,,Delivered quantities,MTO: Dur. + Pol. + DLC,,0,TVA due à 8.0% (Incl. TN),TVA 8.0% sur achat B&S (Incl. TN),,56,,Unit(s),Fond,Unit(s),,,base.main_company
__setup__.product_60,60,Lunette polie (<45 mm).XXX.INORYS+DLC,Article pour Essai Traitement Inorys + DLC,Article pour Essai Traitement Inorys + DLC,FALSE,TRUE,product,,Delivered quantities,MTO: Dur. + Pol. + DLC,,0,TVA due à 8.0% (Incl. TN),TVA 8.0% sur achat B&S (Incl. TN),,56,,Unit(s),Lunette,Unit(s),,,base.main_company
__setup__.product_61,61,Lunette satinée/microbillée (< 45 mm).XXX.INORYS+DLC,Article pour Essai Traitement Inorys + DLC,Article pour Essai Traitement Inorys + DLC,FALSE,TRUE,product,,Delivered quantities,MTO: Dur. + Pol. + DLC,,0,TVA due à 8.0% (Incl. TN),TVA 8.0% sur achat B&S (Incl. TN),,56,,Unit(s),Lunette,Unit(s),,,base.main_company
__setup__.product_62,62,Poussoir(>6mm.diam).XXX.INORYS+DLC,Article pour Essai Traitement Inorys + DLC,Article pour Essai Traitement Inorys + DLC,FALSE,TRUE,product,,Delivered quantities,MTO: Dur. + Pol. + DLC,,0,TVA due à 8.0% (Incl. TN),TVA 8.0% sur achat B&S (Incl. TN),,56,,Unit(s),Poussoir,Unit(s),,,base.main_company
__setup__.product_63,63,Vis microbillée.XXX.INORYS+DLC,Article pour Essai Traitement Inorys + DLC,Article pour Essai Traitement Inorys + DLC,FALSE,TRUE,product,,Delivered quantities,MTO: Dur. + Pol. + DLC,,0,TVA due à 8.0% (Incl. TN),TVA 8.0% sur achat B&S (Incl. TN),,56,,Unit(s),Vis,Unit(s),,,base.main_company
__setup__.product_64,64,Vis polie(<3mm.diam).XXX.INORYS+DLC,Article pour Essai Traitement Inorys + DLC,Article pour Essai Traitement Inorys + DLC,FALSE,TRUE,product,,Delivered quantities,MTO: Dur. + Pol. + DLC,,0,TVA due à 8.0% (Incl. TN),TVA 8.0% sur achat B&S (Incl. TN),,56,,Unit(s),Vis,Unit(s),,,base.main_company
__setup__.product_65,65,Lunette polie/satinée (< 45 mm).XXX.INORYS+DLC,Article pour Essai Traitement Inorys + DLC,Article pour Essai Traitement Inorys + DLC,FALSE,TRUE,product,,Delivered quantities,MTO: Dur. + Pol. + DLC,,0,TVA due à 8.0% (Incl. TN),TVA 8.0% sur achat B&S (Incl. TN),,56,,Unit(s),Lunette,Unit(s),,,base.main_company
__setup__.product_66,66,Boucle satinée(<25x15mm).XXX.INORYS+DLC,Article pour Essai Traitement Inorys + DLC,Article pour Essai Traitement Inorys + DLC,FALSE,TRUE,product,,Delivered quantities,MTO: Dur. + Pol. + DLC,,0,TVA due à 8.0% (Incl. TN),TVA 8.0% sur achat B&S (Incl. TN),,56,,Unit(s),Boucle,Unit(s),,,base.main_company
__setup__.product_67,67,Carrure polie/microbillé (< 45 mm).XXX.INORYS+DLC,Article pour Essai Traitement Inorys + DLC,Article pour Essai Traitement Inorys + DLC,FALSE,TRUE,product,,Delivered quantities,MTO: Dur. + Pol. + DLC,,0,TVA due à 8.0% (Incl. TN),TVA 8.0% sur achat B&S (Incl. TN),,56,,Unit(s),Carrure,Unit(s),,,base.main_company
__setup__.product_68,68,Fond (>45mm).XXX.INORYS+DLC,Article pour Essai Traitement Inorys + DLC,Article pour Essai Traitement Inorys + DLC,FALSE,TRUE,product,,Delivered quantities,MTO: Dur. + Pol. + DLC,,0,TVA due à 8.0% (Incl. TN),TVA 8.0% sur achat B&S (Incl. TN),,56,,Unit(s),Fond,Unit(s),,,base.main_company
__setup__.product_69,69,Fond poli(<45mm).XXX.INORYS+DLC,Article pour Essai Traitement Inorys + DLC,Article pour Essai Traitement Inorys + DLC,FALSE,TRUE,product,,Delivered quantities,MTO: Dur. + Pol. + DLC,,0,TVA due à 8.0% (Incl. TN),TVA 8.0% sur achat B&S (Incl. TN),,56,,Unit(s),Fond,Unit(s),,,base.main_company
__setup__.product_70,70,Fond poli/microbillé(<45mm).XXX.INORYS+DLC,Article pour Essai Traitement Inorys + DLC,Article pour Essai Traitement Inorys + DLC,FALSE,TRUE,product,,Delivered quantities,MTO: Dur. + Pol. + DLC,,0,TVA due à 8.0% (Incl. TN),TVA 8.0% sur achat B&S (Incl. TN),,56,,Unit(s),Fond,Unit(s),,,base.main_company
__setup__.product_71,71,Maillon(<20x10mm).XXX.INORYS+DLC,Article pour Essai Traitement Inorys + DLC,Article pour Essai Traitement Inorys + DLC,FALSE,TRUE,product,,Delivered quantities,MTO: Dur. + Pol. + DLC,,0,TVA due à 8.0% (Incl. TN),TVA 8.0% sur achat B&S (Incl. TN),,56,,Unit(s),Maillon,Unit(s),,,base.main_company
__setup__.product_72,72,Poussoir(<6mm.diam).XXX.INORYS+DLC,Article pour Essai Traitement Inorys + DLC,Article pour Essai Traitement Inorys + DLC,FALSE,TRUE,product,,Delivered quantities,MTO: Dur. + Pol. + DLC,,0,TVA due à 8.0% (Incl. TN),TVA 8.0% sur achat B&S (Incl. TN),,56,,Unit(s),Poussoir,Unit(s),,,base.main_company
__setup__.product_73,73,Tube.XXX.INORYS+DLC,Article pour Essai Traitement Inorys + DLC,Article pour Essai Traitement Inorys + DLC,FALSE,TRUE,product,,Delivered quantities,MTO: Dur. + Pol. + DLC,,0,TVA due à 8.0% (Incl. TN),TVA 8.0% sur achat B&S (Incl. TN),,56,,Unit(s),Tube,Unit(s),,,base.main_company
__setup__.product_74,74,Vis polie(>3mm.diam).XXX.INORYS+DLC,Article pour Essai Traitement Inorys + DLC,Article pour Essai Traitement Inorys + DLC,FALSE,TRUE,product,,Delivered quantities,MTO: Dur. + Pol. + DLC,,0,TVA due à 8.0% (Incl. TN),TVA 8.0% sur achat B&S (Incl. TN),,56,,Unit(s),Vis,Unit(s),,,base.main_company
__setup__.product_75,75,Forfait essai minimum Traitement INORYS+DLC,Traitement Inorys + DLC,Traitement Inorys + DLC,FALSE,TRUE,product,,Delivered quantities,MTO: Dur. + Pol. + DLC,,950,TVA due à 8.0% (Incl. TN),TVA 8.0% sur achat B&S (Incl. TN),,56,,Unit(s),Essai,Unit(s),,,base.main_company
__setup__.product_76,76,Forfait essai minimum Traitement INORYS,Traitement Inorys,Traitement Inorys,FALSE,TRUE,product,,Delivered quantities,MTO: Dur.,,350,TVA due à 8.0% (Incl. TN),TVA 8.0% sur achat B&S (Incl. TN),,,,Unit(s),Essai,Unit(s),,,base.main_company
__setup__.product_77,77,CARR-CC3.7.11(2421).JE.HER.INORYS+DLC,Carrure Cap Cod GM Shadow Hermès Terminaison Satinée Traitement INORYS + DLC,Carrure Cap Cod GM Shadow Hermès Terminaison Satinée Traitement INORYS + DLC,FALSE,TRUE,product,,Delivered quantities,MTO: Dur. + Pol. + DLC,,61,TVA due à 8.0% (Incl. TN),TVA 8.0% sur achat B&S (Incl. TN),,56,,Unit(s),Carrure,Unit(s),,,base.main_company
__setup__.product_78,78,CARR-CC3.7.11(2421).JE.HER.INORYS+DLC.01,Carrure Cap Cod GM Shadow Hermès Terminaison Satinée En Rhabillage aux frais de MTS,Carrure Cap Cod GM Shadow Hermès Terminaison Satinée En Rhabillage aux frais de MTS,FALSE,TRUE,product,,Delivered quantities,MTO: Rhabillage DLC + Pol.,,0,TVA due à 8.0% (Incl. TN),TVA 8.0% sur achat B&S (Incl. TN),,28,,Unit(s),Carrure,Unit(s),,,base.main_company
__setup__.product_79,79,FOND-CC3.7.11(2421).JE.HER.INORYS+DLC,Fond Cap Cod GM Shadow Hermès Terminaison Satinée/microbillée/polie Traitement INORYS + DLC,Fond Cap Cod GM Shadow Hermès Terminaison Satinée/microbillée/polie Traitement INORYS + DLC,FALSE,TRUE,product,,Delivered quantities,MTO: Dur. + Pol. + DLC,,35.8,TVA due à 8.0% (Incl. TN),TVA 8.0% sur achat B&S (Incl. TN),,56,,Unit(s),Fond,Unit(s),,,base.main_company
__setup__.product_80,80,FOND-CC3.7.11(2421).JE.HER.INORYS+DLC.01,Fond Cap Cod GM Shadow Hermès Terminaison Satinée/microbillée/polie En Rhabillage aux frais de MTS,Fond Cap Cod GM Shadow Hermès Terminaison Satinée/microbillée/polie En Rhabillage aux frais de MTS,FALSE,TRUE,product,,Delivered quantities,MTO: Rhabillage DLC + Pol.,,0,TVA due à 8.0% (Incl. TN),TVA 8.0% sur achat B&S (Incl. TN),,28,,Unit(s),Fond,Unit(s),,,base.main_company
__setup__.product_81,81,FOND-CC3.7.11(2421).JE.HER.Hypertrempe,Fond Cap Cod GM Shadow Hermès Terminaison Satinée/microbillée/polie Traitement Hypertrempe avant traitement Inorys,Fond Cap Cod GM Shadow Hermès Terminaison Satinée/microbillée/polie Traitement Hypertrempe avant traitement Inorys,FALSE,TRUE,product,,Delivered quantities,MTO: Dur. + Pol. + DLC,,1.8,TVA due à 8.0% (Incl. TN),TVA 8.0% sur achat B&S (Incl. TN),,56,,Unit(s),Fond,Unit(s),,,base.main_company
__setup__.product_82,82,CARR-CC3.7.11(2421).JE.HER.INORYS,Carrure Cap Cod GM Shadow Hermès Terminaison Satinée Traitement Inorys,Carrure Cap Cod GM Shadow Hermès Terminaison Satinée Traitement Inorys,FALSE,TRUE,product,,Delivered quantities,MTO: Dur. + Pol.,,29.8,TVA due à 8.0% (Incl. TN),TVA 8.0% sur achat B&S (Incl. TN),,35,,Unit(s),Carrure,Unit(s),,,base.main_company
__setup__.product_83,83,FOND-CC3.7.11(2421).JE.HER.INORYS,Fond Cap Cod GM Shadow Hermès Terminaison Satinée/microbillée/polie Traitement Inorys,Fond Cap Cod GM Shadow Hermès Terminaison Satinée/microbillée/polie Traitement Inorys,FALSE,TRUE,product,,Delivered quantities,MTO: Dur. + Pol.,,12.4,TVA due à 8.0% (Incl. TN),TVA 8.0% sur achat B&S (Incl. TN),,35,,Unit(s),Fond,Unit(s),,,base.main_company
__setup__.product_84,84,Boucle_LVBA01069_microb.LVU.INORYS+DLC,"Terminaison microbillée,Taille 18 mm Traitement INORYS+DLC Expédition par Juracolis aux frais du client","Terminaison microbillée,Taille 18 mm Traitement INORYS+DLC Expédition par Juracolis aux frais du client",FALSE,TRUE,product,,Delivered quantities,MTO: Dur. + Pol. + DLC,,28.1,TVA due à 8.0% (Incl. TN),TVA 8.0% sur achat B&S (Incl. TN),,56,,Unit(s),Boucle,Unit(s),,,base.main_company
__setup__.product_85,85,Boucle_LVBA01069_microb.LVU.INORYS+DLC.01,"Terminaison microbillée,Taille 18 mm En Rhabillage aux frais de MTS Expédition par Juracolis aux frais du client","Terminaison microbillée,Taille 18 mm En Rhabillage aux frais de MTS Expédition par Juracolis aux frais du client",FALSE,TRUE,product,,Delivered quantities,MTO: Rhabillage DLC + Pol.,,0,TVA due à 8.0% (Incl. TN),TVA 8.0% sur achat B&S (Incl. TN),,28,,Unit(s),Boucle,Unit(s),,,base.main_company
__setup__.product_86,86,Boucle_LVBA01070_poli/sat.LVU.INORYS+DLC,"Terminaison polie/satiné,Taille 18 mm Traitement INORYS+DLC Expédition par Juracolis aux frais du client","Terminaison polie/satiné,Taille 18 mm Traitement INORYS+DLC Expédition par Juracolis aux frais du client",FALSE,TRUE,product,,Delivered quantities,MTO: Dur. + Pol. + DLC,,25.05,TVA due à 8.0% (Incl. TN),TVA 8.0% sur achat B&S (Incl. TN),,56,,Unit(s),Boucle,Unit(s),,,base.main_company
__setup__.product_87,87,Ardillon_LVBA01004-1_microb.LVU.DLC,"Terminaison microbillée,Taille 18 mm Traitement DLC Expédition par Juracolis aux frais du client","Terminaison microbillée,Taille 18 mm Traitement DLC Expédition par Juracolis aux frais du client",FALSE,TRUE,product,,Delivered quantities,MTO: Dur. + Pol. + DLC,,4.55,TVA due à 8.0% (Incl. TN),TVA 8.0% sur achat B&S (Incl. TN),,28,,Unit(s),Ardillon,Unit(s),,,base.main_company
__setup__.product_88,88,Ardillon_LVBA01004-3_poli/sat.LVU.DLC,"Terminaison polie/satiné,Taille 18 mm Traitement DLC Expédition par Juracolis aux frais du client","Terminaison polie/satiné,Taille 18 mm Traitement DLC Expédition par Juracolis aux frais du client",FALSE,TRUE,product,,Delivered quantities,MTO: Dur. + Pol. + DLC,,4.55,TVA due à 8.0% (Incl. TN),TVA 8.0% sur achat B&S (Incl. TN),,28,,Unit(s),Ardillon,Unit(s),,,base.main_company
__setup__.product_89,89,Boucle_LVBA01070_poli/sat.LVU.INORYS+DLC.01,"Terminaison polie/satiné,Taille 18 mm En Rhabillage aux frais de MTS Expédition par Juracolis aux frais du client","Terminaison polie/satiné,Taille 18 mm En Rhabillage aux frais de MTS Expédition par Juracolis aux frais du client",FALSE,TRUE,product,,Delivered quantities,MTO: Rhabillage DLC + Pol.,,0,TVA due à 8.0% (Incl. TN),TVA 8.0% sur achat B&S (Incl. TN),,28,,Unit(s),Boucle,Unit(s),,,base.main_company
__setup__.product_90,90,Car Diamaster33mm.83.1055.4359MS.LFW.01,Carrure Diamaster 33mm Rado Terminaison polie A Rhabiller à nos frais,Carrure Diamaster 33mm Rado Terminaison polie A Rhabiller à nos frais,FALSE,TRUE,product,,Delivered quantities,MTO: Rhabillage DLC + Pol.,,0,TVA due à 8.0% (Incl. TN),TVA 8.0% sur achat B&S (Incl. TN),,21,,Unit(s),Carrure,Unit(s),,,base.main_company
__setup__.product_91,91,Car Diamaster40mm.83.1054.4359GS-B.LFW.01,Carrure Diamaster 40mm Rado Terminaison polie A Rhabiller à nos frais,Carrure Diamaster 40mm Rado Terminaison polie A Rhabiller à nos frais,FALSE,TRUE,product,,Delivered quantities,MTO: Rhabillage DLC + Pol.,,0,TVA due à 8.0% (Incl. TN),TVA 8.0% sur achat B&S (Incl. TN),,21,,Unit(s),Carrure,Unit(s),,,base.main_company
__setup__.product_92,92,Car Diamaster41mmB.83.0419.4359GS-A.LFW.01,Carrure Diamaster 41mm M Auto Rado Terminaison polie A Rhabiller à nos frais,Carrure Diamaster 41mm M Auto Rado Terminaison polie A Rhabiller à nos frais,FALSE,TRUE,product,,Delivered quantities,MTO: Rhabillage DLC + Pol.,,0,TVA due à 8.0% (Incl. TN),TVA 8.0% sur achat B&S (Incl. TN),,21,,Unit(s),Carrure,Unit(s),,,base.main_company
__setup__.product_93,93,Car Diamaster41mm.83.1053.4359GS-A.LFW.01,Carrure Diamaster 41mm Rado Terminaison polie A Rhabiller à nos frais,Carrure Diamaster 41mm Rado Terminaison polie A Rhabiller à nos frais,FALSE,TRUE,product,,Delivered quantities,MTO: Rhabillage DLC + Pol.,,0,TVA due à 8.0% (Incl. TN),TVA 8.0% sur achat B&S (Incl. TN),,21,,Unit(s),Carrure,Unit(s),,,base.main_company
__setup__.product_94,94,Car Diamaster45mm.83.1052.4359XS.LFW.01,Carrure Diamaster 45mm Rado Terminaison polie A Rhabiller à nos frais,Carrure Diamaster 45mm Rado Terminaison polie A Rhabiller à nos frais,FALSE,TRUE,product,,Delivered quantities,MTO: Rhabillage DLC + Pol.,,0,TVA due à 8.0% (Incl. TN),TVA 8.0% sur achat B&S (Incl. TN),,21,,Unit(s),Carrure,Unit(s),,,base.main_company
__setup__.product_95,95,Car Diamaster33mm.83.1055.4359MS.LFW.INORYS,Carrure Diamaster 33mm Rado Terminaison polie Treatement Inorys Individually packaged and shipped to LFW Hong Kong,Carrure Diamaster 33mm Rado Terminaison polie Treatement Inorys Individually packaged and shipped to LFW Hong Kong,FALSE,TRUE,product,,,MTO: Dur. + Pol.,,28.45,TVA due à 8.0% (Incl. TN),TVA 8.0% sur achat B&S (Incl. TN),,35,,Unit(s),Carrure,Unit(s),,,base.main_company
__setup__.product_96,96,Car Diamaster40mm.83.1054.4359GS-B.LFW.INORYS,Carrure Diamaster 40mm Rado Terminaison polie Treatement Inorys Individually packaged and shipped to LFW Hong Kong,Carrure Diamaster 40mm Rado Terminaison polie Treatement Inorys Individually packaged and shipped to LFW Hong Kong,FALSE,TRUE,product,,,MTO: Dur. + Pol.,,29.1,TVA due à 8.0% (Incl. TN),TVA 8.0% sur achat B&S (Incl. TN),,35,,Unit(s),Carrure,Unit(s),,,base.main_company
__setup__.product_97,97,Car Diamaster41mmB.83.0419.4359GS-A.LFW.INORYS,Carrure Diamaster 41mm M Auto Rado Terminaison polie Treatement Inorys Individually packaged and shipped to LFW Hong Kong,Carrure Diamaster 41mm M Auto Rado Terminaison polie Treatement Inorys Individually packaged and shipped to LFW Hong Kong,FALSE,TRUE,product,,,MTO: Dur. + Pol.,,29.8,TVA due à 8.0% (Incl. TN),TVA 8.0% sur achat B&S (Incl. TN),,35,,Unit(s),Carrure,Unit(s),,,base.main_company
__setup__.product_98,98,Car Diamaster41mm.83.1053.4359GS-A.LFW.INORYS,Carrure Diamaster 41mm Rado Terminaison polie Treatement Inorys Individually packaged and shipped to LFW Hong Kong,Carrure Diamaster 41mm Rado Terminaison polie Treatement Inorys Individually packaged and shipped to LFW Hong Kong,FALSE,TRUE,product,,,MTO: Dur. + Pol.,,29.8,TVA due à 8.0% (Incl. TN),TVA 8.0% sur achat B&S (Incl. TN),,35,,Unit(s),Carrure,Unit(s),,,base.main_company
__setup__.product_99,99,Car Diamaster45mm.83.1052.4359XS.LFW.INORYS,Carrure Diamaster 45mm Rado Terminaison polie Treatement Inorys Individually packaged and shipped to LFW Hong Kong,Carrure Diamaster 45mm Rado Terminaison polie Treatement Inorys Individually packaged and shipped to LFW Hong Kong,FALSE,TRUE,product,,,MTO: Dur. + Pol.,,30.2,TVA due à 8.0% (Incl. TN),TVA 8.0% sur achat B&S (Incl. TN),,35,,Unit(s),Carrure,Unit(s),,,base.main_company
__setup__.product_100,100,Carrure Diamaster33mm-B.83.1065.RAD.01,Carrure Diamaster 33mm-B 83.1056 Rado Terminaison polie A Rhabiller à nos frais Expédiée au Zentrallager Rado Bienne,Carrure Diamaster 33mm-B 83.1056 Rado Terminaison polie A Rhabiller à nos frais Expédiée au Zentrallager Rado Bienne,FALSE,TRUE,product,,Delivered quantities,MTO: Rhabillage DLC + Pol.,,0,TVA due à 8.0% (Incl. TN),TVA 8.0% sur achat B&S (Incl. TN),,21,,Unit(s),Carrure,Unit(s),,,base.main_company
__setup__.product_101,101,Carrure Diamaster33mm.83.1055.RAD.01,Carrure Diamaster 33mm Rado Terminaison polie A Rhabiller à nos frais,Carrure Diamaster 33mm Rado Terminaison polie A Rhabiller à nos frais,FALSE,TRUE,product,,Delivered quantities,MTO: Rhabillage DLC + Pol.,,0,TVA due à 8.0% (Incl. TN),TVA 8.0% sur achat B&S (Incl. TN),,21,,Unit(s),Carrure,Unit(s),,,base.main_company
__setup__.product_102,102,Carrure Diamaster40mm.83.1054.RAD.01,Carrure Diamaster 40mm Rado Terminaison polie A Rhabiller à nos frais,Carrure Diamaster 40mm Rado Terminaison polie A Rhabiller à nos frais,FALSE,TRUE,product,,Delivered quantities,MTO: Rhabillage DLC + Pol.,,0,TVA due à 8.0% (Incl. TN),TVA 8.0% sur achat B&S (Incl. TN),,21,,Unit(s),Carrure,Unit(s),,,base.main_company
__setup__.product_103,103,Carrure Diamaster41mm.83.1053.RAD.01,Carrure Diamaster 41mm Rado Terminaison polie A Rhabiller à nos frais,Carrure Diamaster 41mm Rado Terminaison polie A Rhabiller à nos frais,FALSE,TRUE,product,,Delivered quantities,MTO: Rhabillage DLC + Pol.,,0,TVA due à 8.0% (Incl. TN),TVA 8.0% sur achat B&S (Incl. TN),,21,,Unit(s),Carrure,Unit(s),,,base.main_company
__setup__.product_104,104,Carrure Diamaster45mm.83.1052.RAD.01,Carrure Diamaster 45mm Rado Terminaison polie A Rhabiller à nos frais,Carrure Diamaster 45mm Rado Terminaison polie A Rhabiller à nos frais,FALSE,TRUE,product,,Delivered quantities,MTO: Rhabillage DLC + Pol.,,0,TVA due à 8.0% (Incl. TN),TVA 8.0% sur achat B&S (Incl. TN),,21,,Unit(s),Carrure,Unit(s),,,base.main_company
__setup__.product_105,105,Carrure Diamaster33mm-B.83.1065.RAD.INORYS,Carrure Diamaster 33mm-B 83.106 Rado Terminaison polie Traité Inorys Expédiée au Zentrallager Rado Bienne,Carrure Diamaster 33mm-B 83.106 Rado Terminaison polie Traité Inorys Expédiée au Zentrallager Rado Bienne,FALSE,TRUE,product,,,MTO: Dur. + Pol.,,25.25,TVA due à 8.0% (Incl. TN),TVA 8.0% sur achat B&S (Incl. TN),,35,,Unit(s),Carrure,Unit(s),,,base.main_company
__setup__.product_106,106,Carrure Diamaster33mm.83.1055.RAD.INORYS,Carrure Diamaster 33mm Terminaison polie Traité Inorys Expédiée au Zentrallager Rado Bienne,Carrure Diamaster 33mm Terminaison polie Traité Inorys Expédiée au Zentrallager Rado Bienne,FALSE,TRUE,product,,,MTO: Dur. + Pol.,,23.5,TVA due à 8.0% (Incl. TN),TVA 8.0% sur achat B&S (Incl. TN),,35,,Unit(s),Carrure,Unit(s),,,base.main_company
__setup__.product_107,107,Carrure Diamaster40mm.83.1054.RAD.INORYS,Carrure Diamaster 40mm Rado Terminaison polie Traité Inorys Expédiée au Zentrallager Rado Bienne,Carrure Diamaster 40mm Rado Terminaison polie Traité Inorys Expédiée au Zentrallager Rado Bienne,FALSE,TRUE,product,,,MTO: Dur. + Pol.,,24.2,TVA due à 8.0% (Incl. TN),TVA 8.0% sur achat B&S (Incl. TN),,35,,Unit(s),Carrure,Unit(s),,,base.main_company
__setup__.product_108,108,Carrure Diamaster41mm.83.1053.RAD.INORYS,Carrure Diamaster 41mm Rado Terminaison polie Traité Inorys Expédiée au Zentrallager Rado Bienne,Carrure Diamaster 41mm Rado Terminaison polie Traité Inorys Expédiée au Zentrallager Rado Bienne,FALSE,TRUE,product,,,MTO: Dur. + Pol.,,24.9,TVA due à 8.0% (Incl. TN),TVA 8.0% sur achat B&S (Incl. TN),,35,,Unit(s),Carrure,Unit(s),,,base.main_company
__setup__.product_109,109,Carrure Diamaster45mm.83.1052.RAD.INORYS,Carrure Diamaster 45mm Rado Terminaison polie Traité Inorys Expédiée au Zentrallager Rado Bienne,Carrure Diamaster 45mm Rado Terminaison polie Traité Inorys Expédiée au Zentrallager Rado Bienne,FALSE,TRUE,product,,,MTO: Dur. + Pol.,,25.8,TVA due à 8.0% (Incl. TN),TVA 8.0% sur achat B&S (Incl. TN),,35,,Unit(s),Carrure,Unit(s),,,base.main_company
__setup__.product_110,110,FOND-CC3.7.11(2421).JE.HER.Hypertrempe,Fond Cap Cod GM Shadow Hermès Terminaison Satinée/microbillée/polie Traitement Hypertrempe avant traitement Inorys,Fond Cap Cod GM Shadow Hermès Terminaison Satinée/microbillée/polie Traitement Hypertrempe avant traitement Inorys,FALSE,TRUE,product,,Delivered quantities,MTO: Dur. + Pol. + DLC,,0,TVA due à 8.0% (Incl. TN),TVA 8.0% sur achat B&S (Incl. TN),,7,,Unit(s),Fond,Unit(s),,6700,base.main_company
__setup__.product_111,111,CARR-CC3.7.11(2421).JE.HER.DLC.01,Carrure Cap Cod GM Shadow Hermès Terminaison Satinée A détraiter DLC,Carrure Cap Cod GM Shadow Hermès Terminaison Satinée A détraiter DLC,FALSE,TRUE,product,,Delivered quantities,MTO: Rhabillage DLC + Pol.,,0,TVA due à 8.0% (Incl. TN),TVA 8.0% sur achat B&S (Incl. TN),,14,,Unit(s),Carrure,Unit(s),,,base.main_company
__setup__.product_142,142,Lunette.XXX.DLC,Article pour Essai Traitement DLC,Article pour Essai Traitement DLC,FALSE,TRUE,product,,Delivered quantities,MTO: Dur. + Pol. + DLC,,0,TVA due à 8.0% (Incl. TN),TVA 8.0% sur achat B&S (Incl. TN),,7,,Unit(s),Lunette,Unit(s),,,base.main_company
__setup__.product_143,143,Poussoir.XXX.DLC,Article pour Essai Traitement DLC,Article pour Essai Traitement DLC,FALSE,TRUE,product,,Delivered quantities,MTO: Dur. + Pol. + DLC,,0,TVA due à 8.0% (Incl. TN),TVA 8.0% sur achat B&S (Incl. TN),,7,,Unit(s),Poussoir,Unit(s),,,base.main_company
__setup__.product_144,144,Boucle.XXX.DLC,Article pour Essai Traitement DLC,Article pour Essai Traitement DLC,FALSE,TRUE,product,,Delivered quantities,MTO: Dur. + Pol. + DLC,,0,TVA due à 8.0% (Incl. TN),TVA 8.0% sur achat B&S (Incl. TN),,7,,Unit(s),Boucle,Unit(s),,,base.main_company
__setup__.product_145,145,Carrure polie (< 50 mm).XXX.DLC,Article pour Essai Traitement DLC,Article pour Essai Traitement DLC,FALSE,TRUE,product,,Delivered quantities,MTO: Dur. + Pol. + DLC,,0,TVA due à 8.0% (Incl. TN),TVA 8.0% sur achat B&S (Incl. TN),,7,,Unit(s),Carrure,Unit(s),,,base.main_company
__setup__.product_146,146,Carrure polie/microbillé (< 50 mm).XXX.DLC,Article pour Essai Traitement DLC,Article pour Essai Traitement DLC,FALSE,TRUE,product,,Delivered quantities,MTO: Dur. + Pol. + DLC,,0,TVA due à 8.0% (Incl. TN),TVA 8.0% sur achat B&S (Incl. TN),,7,,Unit(s),Carrure,Unit(s),,,base.main_company
__setup__.product_147,147,Carrure polie/satinée (< 50 mm).XXX.DLC,Article pour Essai Traitement DLC,Article pour Essai Traitement DLC,FALSE,TRUE,product,,Delivered quantities,MTO: Dur. + Pol. + DLC,,0,TVA due à 8.0% (Incl. TN),TVA 8.0% sur achat B&S (Incl. TN),,7,,Unit(s),Carrure,Unit(s),,,base.main_company
__setup__.product_148,148,Carrure.XXX.DLC,Article pour Essai Traitement DLC,Article pour Essai Traitement DLC,FALSE,TRUE,product,,Delivered quantities,MTO: Dur. + Pol. + DLC,,0,TVA due à 8.0% (Incl. TN),TVA 8.0% sur achat B&S (Incl. TN),,7,,Unit(s),Carrure,Unit(s),,,base.main_company
__setup__.product_149,149,Fond poli/satiné.XXX.DLC,Article pour Essai Traitement DLC,Article pour Essai Traitement DLC,FALSE,TRUE,product,,Delivered quantities,MTO: Dur. + Pol. + DLC,,0,TVA due à 8.0% (Incl. TN),TVA 8.0% sur achat B&S (Incl. TN),,7,,Unit(s),Fond,Unit(s),,,base.main_company
__setup__.product_150,150,Fond.XXX.DLC,Article pour Essai Traitement DLC,Article pour Essai Traitement DLC,FALSE,TRUE,product,,Delivered quantities,MTO: Dur. + Pol. + DLC,,0,TVA due à 8.0% (Incl. TN),TVA 8.0% sur achat B&S (Incl. TN),,7,,Unit(s),Fond,Unit(s),,,base.main_company
__setup__.product_151,151,Ardillon.XXX.DLC,Article pour Essai Traitement DLC,Article pour Essai Traitement DLC,FALSE,TRUE,product,,Delivered quantities,MTO: Dur. + Pol. + DLC,,0,TVA due à 8.0% (Incl. TN),TVA 8.0% sur achat B&S (Incl. TN),,7,,Unit(s),Ardillon,Unit(s),,,base.main_company
__setup__.product_152,152,Boucle microbillée(<25x15mm).XXX.POL,Demande d'offre Article pour Essai,Demande d'offre Article pour Essai,FALSE,TRUE,product,,,MTO: Dur. + Pol. + DLC,,0,TVA due à 8.0% (Incl. TN),TVA 8.0% sur achat B&S (Incl. TN),,3,,Unit(s),Boucle,Unit(s),,,base.main_company
__setup__.product_153,153,Boucle microbillée/polie(<25x15mm).XXX.POL,Demande d'offre Article pour Essai,Demande d'offre Article pour Essai,FALSE,TRUE,product,,,MTO: Dur. + Pol. + DLC,,0,TVA due à 8.0% (Incl. TN),TVA 8.0% sur achat B&S (Incl. TN),,3,,Unit(s),Boucle,Unit(s),,,base.main_company
__setup__.product_154,154,Boucle polie(<25x15mm).XXX.POL,Demande d'offre Article pour Essai,Demande d'offre Article pour Essai,FALSE,TRUE,product,,,MTO: Dur. + Pol. + DLC,,0,TVA due à 8.0% (Incl. TN),TVA 8.0% sur achat B&S (Incl. TN),,3,,Unit(s),Boucle,Unit(s),,,base.main_company
__setup__.product_155,155,Boucle(>25x15mm).XXX.POL,Demande d'offre Article pour Essai,Demande d'offre Article pour Essai,FALSE,TRUE,product,,,MTO: Dur. + Pol. + DLC,,0,TVA due à 8.0% (Incl. TN),TVA 8.0% sur achat B&S (Incl. TN),,3,,Unit(s),Boucle,Unit(s),,,base.main_company
__setup__.product_156,156,Brin Bracelet acier poli/satiné.XXX.POL,Demande d'offre Article pour Essai,Demande d'offre Article pour Essai,FALSE,TRUE,product,,,MTO: Dur. + Pol. + DLC,,0,TVA due à 8.0% (Incl. TN),TVA 8.0% sur achat B&S (Incl. TN),,3,,Unit(s),Brin de bracelets,Unit(s),,,base.main_company
__setup__.product_157,157,Brin Bracelet acier satiné.XXX.POL,Demande d'offre Article pour Essai,Demande d'offre Article pour Essai,FALSE,TRUE,product,,,MTO: Dur. + Pol. + DLC,,0,TVA due à 8.0% (Incl. TN),TVA 8.0% sur achat B&S (Incl. TN),,3,,Unit(s),Brin de bracelets,Unit(s),,,base.main_company
__setup__.product_158,158,Carrure polie (< 30 mm).XXX.POL,Demande d'offre Article pour Essai,Demande d'offre Article pour Essai,FALSE,TRUE,product,,,MTO: Dur. + Pol. + DLC,,0,TVA due à 8.0% (Incl. TN),TVA 8.0% sur achat B&S (Incl. TN),,3,,Unit(s),Carrure,Unit(s),,,base.main_company
__setup__.product_159,159,Carrure polie (<45 mm).XXX.POL,Demande d'offre Article pour Essai,Demande d'offre Article pour Essai,FALSE,TRUE,product,,,MTO: Dur. + Pol. + DLC,,0,TVA due à 8.0% (Incl. TN),TVA 8.0% sur achat B&S (Incl. TN),,3,,Unit(s),Carrure,Unit(s),,,base.main_company
__setup__.product_160,160,Carrure polie/satinée (< 45 mm).XXX.POL,Demande d'offre Article pour Essai,Demande d'offre Article pour Essai,FALSE,TRUE,product,,,MTO: Dur. + Pol. + DLC,,0,TVA due à 8.0% (Incl. TN),TVA 8.0% sur achat B&S (Incl. TN),,3,,Unit(s),Carrure,Unit(s),,,base.main_company
__setup__.product_161,161,Carrure satinée/microbillé (< 30 mm).XXX.POL,Demande d'offre Article pour Essai,Demande d'offre Article pour Essai,FALSE,TRUE,product,,,MTO: Dur. + Pol. + DLC,,0,TVA due à 8.0% (Incl. TN),TVA 8.0% sur achat B&S (Incl. TN),,3,,Unit(s),Carrure,Unit(s),,,base.main_company
__setup__.product_162,162,Carrure satinée (< 45 mm).XXX.POL,Demande d'offre Article pour Essai,Demande d'offre Article pour Essai,FALSE,TRUE,product,,,MTO: Dur. + Pol. + DLC,,0,TVA due à 8.0% (Incl. TN),TVA 8.0% sur achat B&S (Incl. TN),,3,,Unit(s),Carrure,Unit(s),,,base.main_company
__setup__.product_163,163,Fond poli/satiné(<45mm).XXX.POL,Demande d'offre Article pour Essai,Demande d'offre Article pour Essai,FALSE,TRUE,product,,,MTO: Dur. + Pol. + DLC,,0,TVA due à 8.0% (Incl. TN),TVA 8.0% sur achat B&S (Incl. TN),,3,,Unit(s),Fond,Unit(s),,,base.main_company
__setup__.product_164,164,Fond satiné(<45mm).XXX.POL,Demande d'offre Article pour Essai,Demande d'offre Article pour Essai,FALSE,TRUE,product,,,MTO: Dur. + Pol. + DLC,,0,TVA due à 8.0% (Incl. TN),TVA 8.0% sur achat B&S (Incl. TN),,3,,Unit(s),Fond,Unit(s),,,base.main_company
__setup__.product_165,165,Fond satiné/microbillé(<45mm).XXX.POL,Demande d'offre Article pour Essai,Demande d'offre Article pour Essai,FALSE,TRUE,product,,,MTO: Dur. + Pol. + DLC,,0,TVA due à 8.0% (Incl. TN),TVA 8.0% sur achat B&S (Incl. TN),,3,,Unit(s),Fond,Unit(s),,,base.main_company
__setup__.product_166,166,Lunette polie (<45 mm).XXX.POL,Demande d'offre Article pour Essai,Demande d'offre Article pour Essai,FALSE,TRUE,product,,,MTO: Dur. + Pol. + DLC,,0,TVA due à 8.0% (Incl. TN),TVA 8.0% sur achat B&S (Incl. TN),,3,,Unit(s),Lunette,Unit(s),,,base.main_company
__setup__.product_167,167,Lunette polie/satinée (< 45 mm).XXX.POL,Demande d'offre Article pour Essai,Demande d'offre Article pour Essai,FALSE,TRUE,product,,,MTO: Dur. + Pol. + DLC,,0,TVA due à 8.0% (Incl. TN),TVA 8.0% sur achat B&S (Incl. TN),,3,,Unit(s),Lunette,Unit(s),,,base.main_company
__setup__.product_168,168,Lunette satinée/microbillée (< 45 mm).XXX.POL,Demande d'offre Article pour Essai,Demande d'offre Article pour Essai,FALSE,TRUE,product,,,MTO: Dur. + Pol. + DLC,,0,TVA due à 8.0% (Incl. TN),TVA 8.0% sur achat B&S (Incl. TN),,3,,Unit(s),Lunette,Unit(s),,,base.main_company
__setup__.product_169,169,Maillon poli(<20x10mm).XXX.POL,Demande d'offre Article pour Essai,Demande d'offre Article pour Essai,FALSE,TRUE,product,,,MTO: Dur. + Pol. + DLC,,0,TVA due à 8.0% (Incl. TN),TVA 8.0% sur achat B&S (Incl. TN),,3,,Unit(s),Maillon,Unit(s),,,base.main_company
__setup__.product_170,170,Poussoir(>6mm.diam).XXX.POL,Demande d'offre Article pour Essai,Demande d'offre Article pour Essai,FALSE,TRUE,product,,,MTO: Dur. + Pol. + DLC,,0,TVA due à 8.0% (Incl. TN),TVA 8.0% sur achat B&S (Incl. TN),,3,,Unit(s),Poussoir,Unit(s),,,base.main_company
__setup__.product_171,171,Vis microbillée.XXX.POL,Demande d'offre Article pour Essai,Demande d'offre Article pour Essai,FALSE,TRUE,product,,,MTO: Dur. + Pol. + DLC,,0,TVA due à 8.0% (Incl. TN),TVA 8.0% sur achat B&S (Incl. TN),,3,,Unit(s),Vis,Unit(s),,,base.main_company
__setup__.product_172,172,Vis polie(<3mm.diam).XXX.POL,Demande d'offre Article pour Essai,Demande d'offre Article pour Essai,FALSE,TRUE,product,,,MTO: Dur. + Pol. + DLC,,0,TVA due à 8.0% (Incl. TN),TVA 8.0% sur achat B&S (Incl. TN),,3,,Unit(s),Vis,Unit(s),,,base.main_company
__setup__.product_173,173,Boucle satinée(<25x15mm).XXX.POL,Demande d'offre Article pour Essai,Demande d'offre Article pour Essai,FALSE,TRUE,product,,,MTO: Dur. + Pol. + DLC,,0,TVA due à 8.0% (Incl. TN),TVA 8.0% sur achat B&S (Incl. TN),,3,,Unit(s),Boucle,Unit(s),,,base.main_company
__setup__.product_174,174,Carrure polie/microbillé (< 45 mm).XXX.POL,Demande d'offre Article pour Essai,Demande d'offre Article pour Essai,FALSE,TRUE,product,,,MTO: Dur. + Pol. + DLC,,0,TVA due à 8.0% (Incl. TN),TVA 8.0% sur achat B&S (Incl. TN),,3,,Unit(s),Carrure,Unit(s),,,base.main_company
__setup__.product_175,175,Fond (>45mm).XXX.POL,Demande d'offre Article pour Essai,Demande d'offre Article pour Essai,FALSE,TRUE,product,,,MTO: Dur. + Pol. + DLC,,0,TVA due à 8.0% (Incl. TN),TVA 8.0% sur achat B&S (Incl. TN),,3,,Unit(s),Fond,Unit(s),,,base.main_company
__setup__.product_176,176,Fond poli(<45mm).XXX.POL,Demande d'offre Article pour Essai,Demande d'offre Article pour Essai,FALSE,TRUE,product,,,MTO: Dur. + Pol. + DLC,,0,TVA due à 8.0% (Incl. TN),TVA 8.0% sur achat B&S (Incl. TN),,3,,Unit(s),Fond,Unit(s),,,base.main_company
__setup__.product_177,177,Fond poli/microbillé(<45mm).XXX.POL,Demande d'offre Article pour Essai,Demande d'offre Article pour Essai,FALSE,TRUE,product,,,MTO: Dur. + Pol. + DLC,,0,TVA due à 8.0% (Incl. TN),TVA 8.0% sur achat B&S (Incl. TN),,3,,Unit(s),Fond,Unit(s),,,base.main_company
__setup__.product_178,178,Maillon(<20x10mm).XXX.POL,Demande d'offre Article pour Essai,Demande d'offre Article pour Essai,FALSE,TRUE,product,,,MTO: Dur. + Pol. + DLC,,0,TVA due à 8.0% (Incl. TN),TVA 8.0% sur achat B&S (Incl. TN),,3,,Unit(s),Maillon,Unit(s),,,base.main_company
__setup__.product_179,179,Poussoir(<6mm.diam).XXX.POL,Demande d'offre Article pour Essai,Demande d'offre Article pour Essai,FALSE,TRUE,product,,,MTO: Dur. + Pol. + DLC,,0,TVA due à 8.0% (Incl. TN),TVA 8.0% sur achat B&S (Incl. TN),,3,,Unit(s),Poussoir,Unit(s),,,base.main_company
__setup__.product_180,180,Tube.XXX.POL,Demande d'offre Article pour Essai,Demande d'offre Article pour Essai,FALSE,TRUE,product,,,MTO: Dur. + Pol. + DLC,,0,TVA due à 8.0% (Incl. TN),TVA 8.0% sur achat B&S (Incl. TN),,3,,Unit(s),Tube,Unit(s),,,base.main_company
__setup__.product_181,181,Vis polie(>3mm.diam).XXX.POL,Demande d'offre Article pour Essai,Demande d'offre Article pour Essai,FALSE,TRUE,product,,,MTO: Dur. + Pol. + DLC,,0,TVA due à 8.0% (Incl. TN),TVA 8.0% sur achat B&S (Incl. TN),,3,,Unit(s),Vis,Unit(s),,,base.main_company
__setup__.product_182,182,Lun.Fin.GG38.Aci.Stn.Cir.Pol.BUL.POL.01,Terminaison polie/satinée/microbillée A Rhabiller à vos frais,Terminaison polie/satinée/microbillée A Rhabiller à vos frais,FALSE,TRUE,product,,Delivered quantities,MTO: Rhabillage DLC + Pol.,,0,TVA due à 8.0% (Incl. TN),TVA 8.0% sur achat B&S (Incl. TN),,3,,Unit(s),Lunette,Unit(s),,,base.main_company
__setup__.product_183,183,Lun.Fin.GG40.Aci.Stn.Cir.Pol.BUL.POL.01,Terminaison polie/satinée/microbillée A Rhabiller à vos frais,Terminaison polie/satinée/microbillée A Rhabiller à vos frais,FALSE,TRUE,product,,Delivered quantities,MTO: Rhabillage DLC + Pol.,,0,TVA due à 8.0% (Incl. TN),TVA 8.0% sur achat B&S (Incl. TN),,3,,Unit(s),Lunette,Unit(s),,,base.main_company
__setup__.product_184,184,Lun.Fin.GG41.Aci.Stn.Cir.Pol.BUL.POL.01,Terminaison polie/satinée/microbillée A Rhabiller à vos frais,Terminaison polie/satinée/microbillée A Rhabiller à vos frais,FALSE,TRUE,product,,Delivered quantities,MTO: Rhabillage DLC + Pol.,,0,TVA due à 8.0% (Incl. TN),TVA 8.0% sur achat B&S (Incl. TN),,3,,Unit(s),Lunette,Unit(s),,,base.main_company
__setup__.product_185,185,Lun.Fin.OC41.Aci.Stn.Cir.Pol.BUL.POL.01,Terminaison polie/satinée/microbillée A Rhabiller à vos frais,Terminaison polie/satinée/microbillée A Rhabiller à vos frais,FALSE,TRUE,product,,Delivered quantities,MTO: Rhabillage DLC + Pol.,,0,TVA due à 8.0% (Incl. TN),TVA 8.0% sur achat B&S (Incl. TN),,3,,Unit(s),Lunette,Unit(s),,,base.main_company
__setup__.product_186,186,Boucle.mail4220/T.Her.BUR.POL.01,Boucle satinée A Rhabiller à vos frais,Boucle satinée A Rhabiller à vos frais,FALSE,TRUE,product,,Delivered quantities,MTO: Rhabillage DLC + Pol.,,0,TVA due à 8.0% (Incl. TN),TVA 8.0% sur achat B&S (Incl. TN),,3,,Unit(s),Boucle,Unit(s),,,base.main_company
__setup__.product_187,187,CARR-CC3.7.11(2421).JE.HER.POL.01,Carrure Shadow Hermès Terminaison Satinée A Rhabiller à vos frais,Carrure Shadow Hermès Terminaison Satinée A Rhabiller à vos frais,FALSE,TRUE,product,,Delivered quantities,MTO: Rhabillage DLC + Pol.,,0,TVA due à 8.0% (Incl. TN),TVA 8.0% sur achat B&S (Incl. TN),,3,,Unit(s),Carrure,Unit(s),,,base.main_company
__setup__.product_188,188,FOND-CC3.7.11(2421).JE.HER.POL.01,Fond Shadow Hermès Terminaison Satinée/microbillée/polie A Rhabiller à vos frais,Fond Shadow Hermès Terminaison Satinée/microbillée/polie A Rhabiller à vos frais,FALSE,TRUE,product,,Delivered quantities,MTO: Rhabillage DLC + Pol.,,0,TVA due à 8.0% (Incl. TN),TVA 8.0% sur achat B&S (Incl. TN),,3,,Unit(s),Fond,Unit(s),,,base.main_company
__setup__.product_189,189,Car Diamaster33mm.83.1055.4359MS.LFW.POL.01,Carrure Diamaster 33mm Rado Terminaison polie A Rhabiller à vos frais,Carrure Diamaster 33mm Rado Terminaison polie A Rhabiller à vos frais,FALSE,TRUE,product,,Delivered quantities,MTO: Rhabillage DLC + Pol.,,0,TVA due à 8.0% (Incl. TN),TVA 8.0% sur achat B&S (Incl. TN),,3,,Unit(s),Carrure,Unit(s),,,base.main_company
__setup__.product_190,190,Car Diamaster40mm.83.1054.4359GS-B.LFW.POL.01,Carrure Diamaster 40mm Rado Terminaison polie A Rhabiller à vos frais,Carrure Diamaster 40mm Rado Terminaison polie A Rhabiller à vos frais,FALSE,TRUE,product,,Delivered quantities,MTO: Rhabillage DLC + Pol.,,0,TVA due à 8.0% (Incl. TN),TVA 8.0% sur achat B&S (Incl. TN),,3,,Unit(s),Carrure,Unit(s),,,base.main_company
__setup__.product_191,191,Car Diamaster41mmB.83.0419.4359GS-A.LFW.POL. 01,Carrure Diamaster 41mm M Auto Rado Terminaison polie A Rhabiller à vos frais,Carrure Diamaster 41mm M Auto Rado Terminaison polie A Rhabiller à vos frais,FALSE,TRUE,product,,,MTO: Rhabillage DLC + Pol.,,0,TVA due à 8.0% (Incl. TN),TVA 8.0% sur achat B&S (Incl. TN),,3,,Unit(s),Carrure,Unit(s),,,base.main_company
__setup__.product_192,192,Car Diamaster41mm.83.1053.4359GS-A.LFW.POL.01,Carrure Diamaster 41mm Rado Terminaison polie A Rhabiller à vos frais,Carrure Diamaster 41mm Rado Terminaison polie A Rhabiller à vos frais,FALSE,TRUE,product,,Delivered quantities,MTO: Rhabillage DLC + Pol.,,0,TVA due à 8.0% (Incl. TN),TVA 8.0% sur achat B&S (Incl. TN),,3,,Unit(s),Carrure,Unit(s),,,base.main_company
__setup__.product_193,193,Car Diamaster45mm.83.1052.4359XS.LFW.POL.01,Carrure Diamaster 45mm Rado Terminaison polie A Rhabiller à vos frais,Carrure Diamaster 45mm Rado Terminaison polie A Rhabiller à vos frais,FALSE,TRUE,product,,Delivered quantities,MTO: Rhabillage DLC + Pol.,,0,TVA due à 8.0% (Incl. TN),TVA 8.0% sur achat B&S (Incl. TN),,3,,Unit(s),Carrure,Unit(s),,,base.main_company
__setup__.product_194,194,Carrure Diamaster33mm-B.83.1065.RAD.POL.01,Carrure Diamaster 33mm-B 83.1056 Rado Terminaison polie A Rhabiller à vos frais,Carrure Diamaster 33mm-B 83.1056 Rado Terminaison polie A Rhabiller à vos frais,FALSE,TRUE,product,,Delivered quantities,MTO: Rhabillage DLC + Pol.,,0,TVA due à 8.0% (Incl. TN),TVA 8.0% sur achat B&S (Incl. TN),,3,,Unit(s),Carrure,Unit(s),,,base.main_company
__setup__.product_195,195,Carrure Diamaster33mm.83.1055.RAD.POL.01,Carrure Diamaster 33mm Rado Terminaison polie A Rhabiller à vos frais,Carrure Diamaster 33mm Rado Terminaison polie A Rhabiller à vos frais,FALSE,TRUE,product,,Delivered quantities,MTO: Rhabillage DLC + Pol.,,0,TVA due à 8.0% (Incl. TN),TVA 8.0% sur achat B&S (Incl. TN),,3,,Unit(s),Carrure,Unit(s),,,base.main_company
__setup__.product_196,196,Carrure Diamaster40mm.83.1054.RAD.POL.01,Carrure Diamaster 40mm Rado Terminaison polie A Rhabiller à vos frais,Carrure Diamaster 40mm Rado Terminaison polie A Rhabiller à vos frais,FALSE,TRUE,product,,Delivered quantities,MTO: Rhabillage DLC + Pol.,,0,TVA due à 8.0% (Incl. TN),TVA 8.0% sur achat B&S (Incl. TN),,3,,Unit(s),Carrure,Unit(s),,,base.main_company
__setup__.product_197,197,Carrure Diamaster41mm.83.1053.RAD.POL.01,Carrure Diamaster 41mm Rado Terminaison polie A Rhabiller à vos frais,Carrure Diamaster 41mm Rado Terminaison polie A Rhabiller à vos frais,FALSE,TRUE,product,,Delivered quantities,MTO: Rhabillage DLC + Pol.,,0,TVA due à 8.0% (Incl. TN),TVA 8.0% sur achat B&S (Incl. TN),,3,,Unit(s),Carrure,Unit(s),,,base.main_company
__setup__.product_198,198,Carrure Diamaster45mm.83.1052.RAD.POL.01,Carrure Diamaster 45mm Rado Terminaison polie A Rhabiller à vos frais,Carrure Diamaster 45mm Rado Terminaison polie A Rhabiller à vos frais,FALSE,TRUE,product,,Delivered quantities,MTO: Rhabillage DLC + Pol.,,0,TVA due à 8.0% (Incl. TN),TVA 8.0% sur achat B&S (Incl. TN),,3,,Unit(s),Carrure,Unit(s),,,base.main_company
