id,default_code,name,name_EN,method,description_purchase,description_sale,purchase_ok,sale_ok,type,track_service,invoice_policy,route_ids,is_chemistry,ean13,list_price,taxes_id,standard_price,sale_delay,warranty,loc_rack,loc_row,loc_case,uom_id,intrastat_id/code,origin_country_id,weight_net,weight,track_incoming,track_production,track_outgoing,produce_delay,categ_id,uom_po_id,property_account_income_id,property_account_expense_id,product_manager,company_id/id
__setup__.product_1001,1001,Rupture passant,Loop rupture,Traction à rupture sur passant fixe et mobile,,,,TRUE,service,Create a task and track hours,Delivered quantities,,,,50,TVA due à 8.0% (Incl. TN),,,,,,,Pieces,,,,,,,,,Laboratory test,Pieces,3000,4000,,__setup__.company_mte
__setup__.product_1002,1002,1 kg,1 kg,,,,,,Consumable,,,,,,,,,,,,,,Unit(s),,,,,,,,,Testing unit,Unit(s),,,,__setup__.company_mte
__setup__.product_1003,1003,130°C,130°C,,,,,,Consumable,,,,,,,,,,,,,,Unit(s),,,,,,,,,Testing unit,Unit(s),,,,__setup__.company_mte
__setup__.product_1004,1004,150g,150g,,,,,,Consumable,,,,,,,,,,,,,,Unit(s),,,,,,,,,Testing unit,Unit(s),,,,__setup__.company_mte
__setup__.product_1005,1005,3.010 Contrôle résistance champs magnétiques,Check of magnetic fields resistance,ISO 764,,,,TRUE,service,Create a task and track hours,Delivered quantities,,,,70,TVA due à 8.0% (Incl. TN),,,,,,,Pieces,,,,,,,,,Laboratory test,Pieces,3000,4000,,__setup__.company_mte
__setup__.product_1006,1006,4-methylpentan-2-one,#N/A,#N/A,,,,TRUE,service,Create a task and track hours,Delivered quantities,,TRUE,,130,TVA due à 8.0% (Incl. TN),,,,,,,molecule,,,,,,,,,Chemistry Analysis,molecule,3041,4041,,__setup__.company_mte
__setup__.product_1007,1007,6.010 Contrôle initial de fonctionnement,Initial function control,,,,,TRUE,service,Create a task and track hours,Delivered quantities,,,,60,TVA due à 8.0% (Incl. TN),,,,,,,Pieces,,,,,,,,,Laboratory test,Pieces,3000,4000,,__setup__.company_mte
__setup__.product_1008,1008,6.020 Chocs accélération 450g,Acceleration impacts 450g,,,,,TRUE,service,Create a task and track hours,Delivered quantities,,,,15,TVA due à 8.0% (Incl. TN),,,,,,,Pieces,,,,,,,,,Laboratory test,Pieces,3000,4000,,__setup__.company_mte
__setup__.product_1009,1009,6.031 Cycle vieillissement MC,Cartier ageing cycle,,,,,TRUE,service,Create a task and track hours,Delivered quantities,,,,300,TVA due à 8.0% (Incl. TN),,,,,,,Pieces,,,,,,,,,Laboratory test,Pieces,3000,4000,,__setup__.company_mte
__setup__.product_1010,1010,6.040 Chocs accélération 550g,Acceleration impacts 550g,,,,,TRUE,service,Create a task and track hours,Delivered quantities,,,,15,TVA due à 8.0% (Incl. TN),,,,,,,Pieces,,,,,,,,,Laboratory test,Pieces,3000,4000,,__setup__.company_mte
__setup__.product_1011,1011,7.010 Fonction de la tige mise à l'heure,Ageing of setting time system,,,,,TRUE,service,Create a task and track hours,Delivered quantities,,,,70,TVA due à 8.0% (Incl. TN),,,,,,,Pieces,,,,,,,,,Laboratory test,Pieces,3000,4000,,__setup__.company_mte
__setup__.product_1012,1012,7.020 Vieillissement de la mise à l'heure,Ageing of setting time system,,,,,TRUE,service,Create a task and track hours,Delivered quantities,,,,70,TVA due à 8.0% (Incl. TN),,,,,,,Pieces,,,,,,,,,Laboratory test,Pieces,3000,4000,,__setup__.company_mte
__setup__.product_1013,1013,7.051 Vieillissement du système de remontage,Ageing of winding system,,,,,TRUE,service,Create a task and track hours,Delivered quantities,,,,50,TVA due à 8.0% (Incl. TN),,,,,,,Pieces,,,,,,,,,Laboratory test,Pieces,3000,4000,,__setup__.company_mte
__setup__.product_1014,1014,7.060 Vieillissement de système automatique,Ageing of automatic system,,,,,TRUE,service,Create a task and track hours,Delivered quantities,,,,50,TVA due à 8.0% (Incl. TN),,,,,,,Pieces,,,,,,,,,Laboratory test,Pieces,3000,4000,,__setup__.company_mte
__setup__.product_1016,1016,A froid,Cold,,,,,,Consumable,,,,,,,,,,,,,,Unit(s),,,,,,,,,Testing parameters,Unit(s),,,,__setup__.company_mte
__setup__.product_1017,1017,Accélérateurs de vulcanisation (MBT),#N/A,#N/A,,,,TRUE,service,Create a task and track hours,Delivered quantities,,TRUE,,130,TVA due à 8.0% (Incl. TN),,,,,,,molecule,,,,,,,,,Chemistry Analysis,molecule,3041,4041,,__setup__.company_mte
__setup__.product_1018,1018,Acétate d'éthyle,Ethyl acetate,,,,,TRUE,Consumable,,,,,,20,TVA due à 8.0% (Incl. TN),,,,,,,Unit,,,,,,,,,Testing parameters,Unit,3030,4030,,__setup__.company_mte
__setup__.product_1019,1019,Acétone,Acetone,,,,,TRUE,Consumable,,,,,,20,TVA due à 8.0% (Incl. TN),,,,,,,Unit,,,,,,,,,Testing parameters,Unit,3030,4030,,__setup__.company_mte
__setup__.product_1020,1020,Acier inox 316,Stainless steel 316,,,,,TRUE,Consumable,,,,,,20,TVA due à 8.0% (Incl. TN),,,,,,,Unit,,,,,,,,,Testing parameters,Unit,3030,4030,,__setup__.company_mte
__setup__.product_1022,1022,Adhérence adhésif,Adhesive tape adherence,,,,,TRUE,service,Create a task and track hours,Delivered quantities,,,,15,TVA due à 8.0% (Incl. TN),,,,,,,Pieces,,,,,,,,,Laboratory test,Pieces,3000,4000,,__setup__.company_mte
__setup__.product_1023,1023,Adhérence revêtement,Coating adherence,,,,,TRUE,service,Create a task and track hours,Delivered quantities,,,,40,TVA due à 8.0% (Incl. TN),,,,,,,Pieces,,,,,,,,,Laboratory test,Pieces,3000,4000,,__setup__.company_mte
__setup__.product_1024,1024,Ag 925,Silver 925,,,,,TRUE,Consumable,,,,,,20,TVA due à 8.0% (Incl. TN),,,,,,,Unit(s),,,,,,,,,Testing parameters,Unit(s),3030,4030,,__setup__.company_mte
__setup__.product_1025,1025,Agent oxydant (vapeur HNO3),Oxidizing agents (HNO3 vapours),"Sur brin caoutchouc Vieillissement polymère HNO3 [60%], 20°C",,,,TRUE,service,Create a task and track hours,Delivered quantities,,,,100,TVA due à 8.0% (Incl. TN),,,,,,,Pieces,,,,,,,,,Laboratory test,Pieces,3050,4050,,__setup__.company_mte
__setup__.product_1026,1026,Alcool Isopropylique,Isopropyl alcohol,,,,,TRUE,Consumable,,,,,,20,TVA due à 8.0% (Incl. TN),,,,,,,Unit(s),,,,,,,,,Testing parameters,Unit(s),3030,4030,,__setup__.company_mte
__setup__.product_1027,1027,Alkylphénols,#N/A,#N/A,,,,TRUE,service,Create a task and track hours,Delivered quantities,,TRUE,,130,TVA due à 8.0% (Incl. TN),,,,,,,molecule,,,,,,,,,Chemistry Analysis,molecule,3041,4041,,__setup__.company_mte
__setup__.product_1291,1291,Alkylphénols,#N/A,#N/A,,,,TRUE,service,Create a task and track hours,Delivered quantities,,TRUE,,130,TVA due à 8.0% (Incl. TN),,,,,,,molecule,,,,,,,,,Chemistry Analysis,molecule,3041,4041,,__setup__.company_mte
__setup__.product_1028,1028,Amines aromatiques / Colorants azoïques,#N/A,#N/A,,,,TRUE,service,Create a task and track hours,Delivered quantities,,TRUE,,150,TVA due à 8.0% (Incl. TN),,,,,,,molecule,,,,,,,,,Chemistry Analysis,molecule,3041,4041,,__setup__.company_mte
__setup__.product_1030,1030,Analyse acier inoxydable méthode M,Method M stainless steel Analysis,,,,,TRUE,service,Create a task and track hours,Delivered quantities,,,,220,TVA due à 8.0% (Incl. TN),,,,,,,Pieces,,,,,,,,,Laboratory test,Pieces,3040,4040,,__setup__.company_mte
__setup__.product_1032,1032,Analyse chimique,chemical analysis,,,,,TRUE,service,Create a task and track hours,Delivered quantities,,,,200,TVA due à 8.0% (Incl. TN),,,,,,,Pieces,,,,,,,,,Laboratory test,Pieces,3041,4041,,__setup__.company_mte
__setup__.product_1034,1034,Analyse eau,Water analysis,Chlorures/Cyanures/Cations/Anions/pH/Conductivité,,,,TRUE,service,Create a task and track hours,Delivered quantities,,,,470,TVA due à 8.0% (Incl. TN),,,,,,,lot,,,,,,,,,Laboratory test,lot,3041,4041,,__setup__.company_mte
__setup__.product_1035,1035,Analyse EDX,EDX analysis,,,,,TRUE,service,Create a task and track hours,Delivered quantities,,,,100,TVA due à 8.0% (Incl. TN),,,,,,,Pieces,,,,,,,,,Laboratory test,Pieces,3040,4040,,__setup__.company_mte
__setup__.product_1037,1037,Analyse Fe2+ / Fe3+,Fe2+ / Fe3+ analysis,Analyse dans les ciment,,,,TRUE,service,Create a task and track hours,Delivered quantities,,,,140,TVA due à 8.0% (Incl. TN),,,,,,,Pieces,,,,,,,,,Laboratory test,Pieces,3041,4041,,__setup__.company_mte
__setup__.product_1038,1038,Analyse acier inoxydable,Stainless steel analysis,-,,,,TRUE,service,Create a task and track hours,Delivered quantities,,,,250,TVA due à 8.0% (Incl. TN),,,,,,,lot,,,,,,,,,Laboratory test,lot,3040,4040,,__setup__.company_mte
__setup__.product_1039,1039,Analyse FT-IR,FT-IR analysis,,,,,TRUE,service,Create a task and track hours,Delivered quantities,,,,100,TVA due à 8.0% (Incl. TN),,,,,,,Pieces,,,,,,,,,Laboratory test,Pieces,3041,4041,,__setup__.company_mte
__setup__.product_1040,1040,Analyse GC-MS,GC-MS analysis,,,,,TRUE,service,Create a task and track hours,Delivered quantities,,,,140,TVA 0% exclue,,,,,,,Pieces,,,,,,,,,Laboratory test,Pieces,3041,4041,,__setup__.company_mte
__setup__.product_1041,1041,Analyse Headspcace GC-MS,Headspace GC-MS analysis,,,,,TRUE,service,Create a task and track hours,Delivered quantities,,,,220,TVA 0% exclue,,,,,,,Pieces,,,,,,,,,Laboratory test,Pieces,3041,4041,,__setup__.company_mte
__setup__.product_1042,1042,Analyse Inconel,Inconel analysis,"Analyse EDX, C+S, Al par ICP",,,,TRUE,service,Create a task and track hours,Delivered quantities,,,,362.5,TVA due à 8.0% (Incl. TN),,,,,,,lot,,,,,,,,,Laboratory test,lot,3040,4040,,__setup__.company_mte
__setup__.product_1044,1044,Analyse laiton,Brass analysis,,,,,TRUE,service,Create a task and track hours,Delivered quantities,,,,250,TVA due à 8.0% (Incl. TN),,,,,,,lot,,,,,,,,,Laboratory test,lot,3040,4040,,__setup__.company_mte
__setup__.product_1045,1045,Analyse par ICP Plasma,ICP Plasma analysis,,,,,TRUE,service,Create a task and track hours,Delivered quantities,,,,150,TVA 0% exclue,,,,,,,lot,,,,,,,,,Laboratory test,lot,3041,4041,,__setup__.company_mte
__setup__.product_1050,1050,Analyse titane,Titanium analysis,,,,,TRUE,service,Create a task and track hours,Delivered quantities,,,,160,TVA due à 8.0% (Incl. TN),,,,,,,lot,,,,,,,,,Laboratory test,lot,3040,4040,,__setup__.company_mte
__setup__.product_1051,1051,Analyses diverses,Various analysis,,,,,TRUE,service,Create a task and track hours,Delivered quantities,,,,250,TVA due à 8.0% (Incl. TN),,,,,,,Hours(s),,,,,,,,,Laboratory test,Hours(s),3040,4040,,__setup__.company_mte
__setup__.product_1052,1052,Angle,Angle,,,,,TRUE,Consumable,,,,,,0,TVA due à 8.0% (Incl. TN),,,,,,,degrees,,,,,,,,,Testing parameters,degrees,3000,4000,,__setup__.company_mte
__setup__.product_1053,1053,Anti-moustique,Mosquito repellent,,,,,TRUE,Consumable,,,,,,25,TVA due à 8.0% (Incl. TN),,,,,,,Pieces,,,,,,,,,Testing parameters,Pieces,3050,4050,,__setup__.company_mte
__setup__.product_1054,1054,Au 2N,Gold 2N,,,,,TRUE,Consumable,,,,,,20,TVA due à 8.0% (Incl. TN),,,,,,,Pieces,,,,,,,,,Testing parameters,Pieces,3030,4030,,__setup__.company_mte
__setup__.product_1055,1055,Au 3N,Gold 3N,,,,,TRUE,Consumable,,,,,,20,TVA due à 8.0% (Incl. TN),,,,,,,Pieces,,,,,,,,,Testing parameters,Pieces,3030,4030,,__setup__.company_mte
__setup__.product_1056,1056,Au 5N,Gold 5N,,,,,TRUE,Consumable,,,,,,20,TVA due à 8.0% (Incl. TN),,,,,,,Pieces,,,,,,,,,Testing parameters,Pieces,3030,4030,,__setup__.company_mte
__setup__.product_1057,1057,Au gris,Grey gold,,,,,TRUE,Consumable,,,,,,20,TVA due à 8.0% (Incl. TN),,,,,,,Pieces,,,,,,,,,Testing parameters,Pieces,3030,4030,,__setup__.company_mte
__setup__.product_1058,1058,Autre,Other,,,,,TRUE,Consumable,,,,,,0,TVA due à 8.0% (Incl. TN),,,,,,,Pieces,,,,,,,,,Testing parameters,Pieces,3030,4030,,__setup__.company_mte
__setup__.product_1059,1059,Avec abrasif,With abrasive,,,,,,Consumable,,,,,,,,,,,,,,Unit(s),,,,,,,,,Testing parameters,Unit(s),,,,__setup__.company_mte
__setup__.product_1060,1060,Bar [suppression à l'eau],,,,,,,Consumable,,,,,,,,,,,,,,Unit(s),,,,,,,,,Testing parameters,Unit(s),,,,__setup__.company_mte
__setup__.product_1029,1029,Amines ducisseuses & antioxydantes (MDA & MOCA),#N/A,#N/A,,,,TRUE,service,Create a task and track hours,Delivered quantities,,TRUE,,130,TVA due à 8.0% (Incl. TN),,,,,,,molecule,,,,,,,,,Chemistry Analysis,molecule,3041,4041,,__setup__.company_mte
__setup__.product_1062,1062,Benzine rectifiée,Rectified benzine,,,,,TRUE,Consumable,,,,,,20,TVA due à 8.0% (Incl. TN),,,,,,,Pieces,,,,,,,,,Testing parameters,Pieces,3030,4030,,__setup__.company_mte
__setup__.product_1063,1063,Blocage lunette tournante,Locking of rotating bezel,,,,,TRUE,service,Create a task and track hours,Delivered quantities,,,,80,TVA due à 8.0% (Incl. TN),,,,,,,Pieces,,,,,,,,,Laboratory test,Pieces,3030,4030,,__setup__.company_mte
__setup__.product_1064,1064,Boîte,Case,,,,,,Consumable,,,,,,,,,,,,,,Unit(s),,,,,,,,,Testing parameters,Unit(s),,,,__setup__.company_mte
__setup__.product_1065,1065,Boîte avec pourtour métal,Box with metal perimeter,,,,,,Consumable,,,,,,,,,,,,,,Unit(s),,,,,,,,,Testing parameters,Unit(s),,,,__setup__.company_mte
__setup__.product_1066,1066,Boîte avec pourtour mousse,Box with foam perimeter,,,,,,Consumable,,,,,,,,,,,,,,Unit(s),,,,,,,,,Testing parameters,Unit(s),,,,__setup__.company_mte
__setup__.product_1067,1067,Boîte avec pourtour plastique blanc,Box with white plastic perimeter,,,,,,Consumable,,,,,,,,,,,,,,Unit(s),,,,,,,,,Testing parameters,Unit(s),,,,__setup__.company_mte
__setup__.product_1068,1068,Boucle,Buckle,,,,,,Consumable,,,,,,,,,,,,,,Unit(s),,,,,,,,,Testing parameters,Unit(s),,,,__setup__.company_mte
__setup__.product_1069,1069,Brac. Frottements tournants,Rotating friction on wristlet,,,,,TRUE,service,Create a task and track hours,Delivered quantities,,,,200,TVA due à 8.0% (Incl. TN),,,,,,,Pieces,,,,,,,,,Laboratory test,Pieces,3000,4000,,__setup__.company_mte
__setup__.product_1070,1070,Brac. mouv.alternés poignet,Wrist alternate motions on wristlet,,,,,TRUE,service,Create a task and track hours,Delivered quantities,,,,75,TVA due à 8.0% (Incl. TN),,,,,,,Pieces,,,,,,,,,Laboratory test,Pieces,3000,4000,,__setup__.company_mte
__setup__.product_1071,1071,Brac. mouv.désordonnés,Disordered motions on wristlet,,,,,TRUE,service,Create a task and track hours,Delivered quantities,,,,65,TVA due à 8.0% (Incl. TN),,,,,,,Pieces,,,,,,,,,Laboratory test,Pieces,3000,4000,,__setup__.company_mte
__setup__.product_1072,1072,Brac. pliage,Wristlet bending,,,,,TRUE,service,Create a task and track hours,Delivered quantities,,,,65,TVA due à 8.0% (Incl. TN),,,,,,,Pieces,,,,,,,,,Laboratory test,Pieces,3000,4000,,__setup__.company_mte
__setup__.product_1073,1073,Brac. Rupture,Wristlet breaking,,,,,TRUE,service,Create a task and track hours,Delivered quantities,,,,50,TVA due à 8.0% (Incl. TN),,,,,,,Pieces,,,,,,,,,Laboratory test,Pieces,3000,4000,,__setup__.company_mte
__setup__.product_1074,1074,Brac. traction / flexion,Wristlet traction/flexion,,,,,TRUE,service,Create a task and track hours,Delivered quantities,,,,75,TVA due à 8.0% (Incl. TN),,,,,,,Pieces,,,,,,,,,Laboratory test,Pieces,3000,4000,,__setup__.company_mte
__setup__.product_1075,1075,Brac. traction / torsion,Wristlet traction/torsion,,,,,TRUE,service,Create a task and track hours,Delivered quantities,,,,75,TVA due à 8.0% (Incl. TN),,,,,,,Pieces,,,,,,,,,Laboratory test,Pieces,3000,4000,,__setup__.company_mte
__setup__.product_1076,1076,Brac. usure boucle,Buckle wear on wristlet,,,,,TRUE,service,Create a task and track hours,Delivered quantities,,,,100,TVA due à 8.0% (Incl. TN),,,,,,,Pieces,,,,,,,,,Laboratory test,Pieces,3000,4000,,__setup__.company_mte
__setup__.product_1077,1077,Brac. usure passant,Loop wear on wristlet,,,,,TRUE,service,Create a task and track hours,Delivered quantities,,,,100,TVA due à 8.0% (Incl. TN),,,,,,,Pieces,,,,,,,,,Laboratory test,Pieces,3000,4000,,__setup__.company_mte
__setup__.product_1078,1078,Bracelet,Wristlet,,,,,TRUE,Consumable,,,,,,0,TVA due à 8.0% (Incl. TN),,,,,,,Unit(s),,,,,,,,,Testing parameters,Unit(s),3030,4030,,__setup__.company_mte
__setup__.product_1079,1079,Brin,Strap,,,,,,Consumable,,,,,,,,,,,,,,Unit(s),,,,,,,,,Testing parameters,Unit(s),,,,__setup__.company_mte
__setup__.product_1061,1061,Base et cétone de Michler,#N/A,#N/A,,,,TRUE,service,Create a task and track hours,Delivered quantities,,TRUE,,130,TVA 0% exclue,,,,,,,molecule,,,,,,,,,Chemistry Analysis,molecule,3041,4041,,__setup__.company_mte
__setup__.product_1081,1081,Carrure,Middle,,,,,TRUE,Consumable,,,,,,0,TVA due à 8.0% (Incl. TN),,,,,,,Unit(s),,,,,,,,,Testing parameters,Unit(s),3030,4030,,__setup__.company_mte
__setup__.product_1082,1082,Charge appliquée : 10 N,Applied load: 10N,,,,,TRUE,Consumable,,,,,,0,TVA due à 8.0% (Incl. TN),,,,,,,Unit(s),,,,,,,,,Testing parameters,Unit(s),3030,4030,,__setup__.company_mte
__setup__.product_1083,1083,Charge appliquée : 15 N,Applied load: 15N,,,,,TRUE,Consumable,,,,,,0,TVA due à 8.0% (Incl. TN),,,,,,,Unit(s),,,,,,,,,Testing parameters,Unit(s),3030,4030,,__setup__.company_mte
__setup__.product_1084,1084,Charge appliquée : 30 N,Applied load: 30N,,,,,TRUE,Consumable,,,,,,0,TVA due à 8.0% (Incl. TN),,,,,,,Unit(s),,,,,,,,,Testing parameters,Unit(s),3030,4030,,__setup__.company_mte
__setup__.product_1085,1085,Charge appliquée : 5 N,Applied load: 5N,,,,,TRUE,Consumable,,,,,,0,TVA due à 8.0% (Incl. TN),,,,,,,Unit(s),,,,,,,,,Testing parameters,Unit(s),3030,4030,,__setup__.company_mte
__setup__.product_1086,1086,Charge appliquée : 50 N,Applied load: 50N,,,,,TRUE,Consumable,,,,,,0,TVA due à 8.0% (Incl. TN),,,,,,,Unit(s),,,,,,,,,Testing parameters,Unit(s),3030,4030,,__setup__.company_mte
__setup__.product_1087,1087,Charge appliquée [g],Applied load [g],,,,,TRUE,Consumable,,,,,,0,TVA due à 8.0% (Incl. TN),,,,,,,Unit(s),,,,,,,,,Testing parameters,Unit(s),3030,4030,,__setup__.company_mte
__setup__.product_1088,1088,Chocs horizontaux,Horizontal shocks,Choc avec mouton-pendule Vitesse de frappe : 1.85 m/s Géométrie face marteau : section carrére et triangulaire,,,,TRUE,service,Create a task and track hours,Delivered quantities,,,,50,TVA due à 8.0% (Incl. TN),,,,,,,Pieces,,,,,,,,,Laboratory test,Pieces,3000,4000,,__setup__.company_mte
__setup__.product_1089,1089,Choc mouton-pendule,Pendulum impact,,,,,TRUE,service,Create a task and track hours,Delivered quantities,,,,50,TVA due à 8.0% (Incl. TN),,,,,,,Pieces,,,,,,,,,Laboratory test,Pieces,3000,4000,,__setup__.company_mte
__setup__.product_1090,1090,Choc mouton-pendule transport,,"1 choc par face, face marteau section carré 1 choc par face, face marteau section triangulaire",,,,TRUE,service,Create a task and track hours,Delivered quantities,,,,50,TVA due à 8.0% (Incl. TN),,,,,,,Pieces,,,,,,,,,Laboratory test,Pieces,3000,4000,,__setup__.company_mte
__setup__.product_1091,1091,Choc sur poussoir à 45° (500g),Shock on push-button at 45° (500g),,,,,TRUE,service,Create a task and track hours,Delivered quantities,,,,15,TVA due à 8.0% (Incl. TN),,,,,,,Unit(s),,,,,,,,,Laboratory test,Unit(s),3030,4030,,__setup__.company_mte
__setup__.product_1092,1092,Choc thermique 250°C (Dépôt or) + Immersion 10°C,Thermal shock 250° (gold coating) + 10°C immersion,,,,,TRUE,service,Create a task and track hours,Delivered quantities,,,,70,TVA due à 8.0% (Incl. TN),,,,,,,Unit(s),,,,,,,,,Laboratory test,Unit(s),3030,4030,,__setup__.company_mte
__setup__.product_1093,1093,Choc thermique 425°C (Dépôt galv.)+Immersion 10°C,Thermal shock 425° galvanic coating) + 10°C immersion,,,,,TRUE,service,Create a task and track hours,Delivered quantities,,,,70,TVA due à 8.0% (Incl. TN),,,,,,,Unit(s),,,,,,,,,Laboratory test,Unit(s),3030,4030,,__setup__.company_mte
__setup__.product_1094,1094,Choc vertical par chute libre,Vertical shock by free fall,ISO 1413,,,,TRUE,service,Create a task and track hours,Delivered quantities,,,,30,TVA due à 8.0% (Incl. TN),,,,,,,Pieces,,,,,,,,,Laboratory test,Pieces,3000,4000,,__setup__.company_mte
__setup__.product_1095,1095,Chocs Chappuis,Chappuis shocks,,,,,TRUE,service,Create a task and track hours,Delivered quantities,,,,50,TVA due à 8.0% (Incl. TN),,,,,,,Pieces,,,,,,,,,Laboratory test,Pieces,3000,4000,,__setup__.company_mte
__setup__.product_1096,1096,Chocs thermiques,Thermal shocks,,,,,TRUE,service,Create a task and track hours,Delivered quantities,,,,20,TVA due à 8.0% (Incl. TN),,,,,,,cycles,,,,,,,,,Laboratory test,cycles,3050,4050,,__setup__.company_mte
__setup__.product_1097,1097,Chocs transport,Transport shocks,1 choc sur arrête à 10° 1 choc sur le fond Socle en béton,,,,TRUE,service,Create a task and track hours,Delivered quantities,,,,50,TVA due à 8.0% (Incl. TN),,,,,,,Pieces,,,,,,,,,Laboratory test,Pieces,3030,4030,,__setup__.company_mte
__setup__.product_1349,1349,Chlorure de vinyle,#N/A,#N/A,,,,TRUE,service,Create a task and track hours,Delivered quantities,,TRUE,,130,TVA 0% exclue,,,,,,,molecule,,,,,,,,,Chemistry Analysis,molecule,3041,4041,,__setup__.company_mte
__setup__.product_1350,1350,Chlorophénols,,,,,,,,,,,,,,,,,,,,,,,,,,,,,,,,,,,
__setup__.product_1099,1099,Colophane,#N/A,#N/A,,,,TRUE,service,Create a task and track hours,Delivered quantities,,TRUE,,130,TVA 0% exclue,,,,,,,molecule,,,,,,,,,Chemistry Analysis,molecule,3041,4041,,__setup__.company_mte
__setup__.product_1100,1100,Colorants allergènes dispersés,#N/A,#N/A,,,,TRUE,service,Create a task and track hours,Delivered quantities,,TRUE,,220,TVA 0% exclue,,,,,,,molecule,,,,,,,,,Chemistry Analysis,molecule,3041,4041,,__setup__.company_mte
__setup__.product_1101,1101,Colorants azoïques,#N/A,#N/A,,,,TRUE,service,Create a task and track hours,Delivered quantities,,TRUE,,130,TVA 0% exclue,,,,,,,molecule,,,,,,,,,Chemistry Analysis,molecule,3041,4041,,__setup__.company_mte
__setup__.product_1103,1103,Compression,Compression,,,,,,Consumable,,,,,,,,,,,,,,Unit(s),,,,,,,,,Testing parameters,Unit(s),,,,__setup__.company_mte
__setup__.product_1104,1104,Compression initiale : 30%,Initial compression: 30%,,,,,,Consumable,,,,,,,,,,,,,,Unit(s),,,,,,,,,Testing parameters,Unit(s),,,,__setup__.company_mte
__setup__.product_1105,1105,Contamination métaux,Metals contamination,,,,,TRUE,service,Create a task and track hours,Delivered quantities,,,,350,TVA due à 8.0% (Incl. TN),,,,,,,lot,,,,,,,,,Laboratory test,lot,3050,4050,,__setup__.company_mte
__setup__.product_1106,1106,Contrôle,Inspection,,,,,TRUE,Consumable,,,,,,2.65,TVA due à 8.0% (Incl. TN),,,,,,,min,,,,,,,,,Testing parameters,min,3030,4030,,__setup__.company_mte
__setup__.product_1107,1107,Contrôle / visitage / mesures,Inspection/visit/measures,,,,,TRUE,service,Create a task and track hours,Delivered quantities,,,,3,TVA due à 8.0% (Incl. TN),,,,,,,min,,,,,,,,,Laboratory test,min,3010,4010,,__setup__.company_mte
__setup__.product_1108,1108,Contrôle après 14 jours,Inspection after 14 days,,,,,,Consumable,,,,,,,,,,,,,,Unit(s),,,,,,,,,Testing parameters,Unit(s),,,,__setup__.company_mte
__setup__.product_1109,1109,Contrôle après 7 jours,Inspection after 7 days,,,,,,Consumable,,,,,,,,,,,,,,Unit(s),,,,,,,,,Testing parameters,Unit(s),,,,__setup__.company_mte
__setup__.product_1110,1110,Contrôle chassage/déchassage goupilles,Insertion / exit pins control,,,,,TRUE,service,Create a task and track hours,Delivered quantities,,,,30,TVA due à 8.0% (Incl. TN),,,,,,,Pieces,,,,,,,,,Laboratory test,Pieces,3000,4000,,__setup__.company_mte
__setup__.product_1111,1111,Contrôle densité,Density verification,,,,,TRUE,service,Create a task and track hours,Delivered quantities,,,,80,TVA due à 8.0% (Incl. TN),,,,,,,Pieces,,,,,,,,,Laboratory test,Pieces,3040,4040,,__setup__.company_mte
__setup__.product_1112,1112,Contrôle étanchéité,Waterproofing control,ISO 2281,,,,TRUE,service,Create a task and track hours,Delivered quantities,,,,40,TVA due à 8.0% (Incl. TN),,,,,,,Pieces,,,,,,,,,Laboratory test,Pieces,3030,4030,,__setup__.company_mte
__setup__.product_1114,1114,Contrôle microfuite,Micro leaks control,,,,,TRUE,service,Create a task and track hours,Delivered quantities,,,,15,TVA due à 8.0% (Incl. TN),,,,,,,Pieces,,,,,,,,,Laboratory test,Pieces,3030,4030,,__setup__.company_mte
__setup__.product_1115,1115,Contrôle serrage/déserrage vis,Tightining and loosening srews control,,,,,TRUE,service,Create a task and track hours,Delivered quantities,,,,30,TVA due à 8.0% (Incl. TN),,,,,,,Pieces,,,,,,,,,Laboratory test,Pieces,3000,4000,,__setup__.company_mte
__setup__.product_1116,1116,Contrôle tenue pieds cadrans,Dial-foot resistance control,,,,,TRUE,service,Create a task and track hours,Delivered quantities,,,,30,TVA due à 8.0% (Incl. TN),,,,,,,Pieces,,,,,,,,,Laboratory test,Pieces,3000,4000,,__setup__.company_mte
__setup__.product_1117,1117,Vieillissement à l'Ozone,Ozone resistance,Vieillissement élastomère Essai sous-traité,,,,TRUE,service,Create a task and track hours,Delivered quantities,,,,880,TVA due à 8.0% (Incl. TN),,,,,,,Pieces,,,,,,,,,Laboratory test,Pieces,3050,4050,,__setup__.company_mte
__setup__.product_1118,1118,Essai corrosion brouillard salin,Salty fog corrosion,ISO 9227,,,,TRUE,service,Create a task and track hours,Delivered quantities,,,,60,TVA due à 8.0% (Incl. TN),,,,,,,Day(s),,,,,,,,,Laboratory test,Day(s),3050,4050,,__setup__.company_mte
__setup__.product_1119,1119,Essai Chaleur Humide,Damp heat corrosion,NIHS 9650-2013,,,,TRUE,service,Create a task and track hours,Delivered quantities,,,,28,TVA due à 8.0% (Incl. TN),,,,,,,Day(s),,,,,,,,,Laboratory test,Day(s),3050,4050,,__setup__.company_mte
__setup__.product_1120,1120,Corrosion diverses,Various corrosion,,,,,TRUE,service,Create a task and track hours,Delivered quantities,,,,90,TVA due à 8.0% (Incl. TN),,,,,,,Day(s),,,,,,,,,Laboratory test,Day(s),3050,4050,,__setup__.company_mte
__setup__.product_1121,1121,Essai corrosion eau de piscine,Pool-water corrosion,NIHS 9650-2013,,,,TRUE,service,Create a task and track hours,Delivered quantities,,,,30,TVA due à 8.0% (Incl. TN),,,,,,,Day(s),,,,,,,,,Laboratory test,Day(s),3050,4050,,__setup__.company_mte
__setup__.product_1122,1122,Essai corrosion fleur de soufre,Sulphur flower corrosion,NIHS 9650-2013,,,,TRUE,service,Create a task and track hours,Delivered quantities,,,,150,TVA due à 8.0% (Incl. TN),,,,,,,Trials,,,,,,,,,Laboratory test,Trials,3050,4050,,__setup__.company_mte
__setup__.product_1123,1123,Essai corrosion sueur buvard ou coton,Sweat blotter or cotton test,ISO 3160-2 ou NIHS 9650-2013,,,,TRUE,service,Create a task and track hours,Delivered quantities,,,,25,TVA due à 8.0% (Incl. TN),,,,,,,Day(s),,,,,,,,,Laboratory test,Day(s),3050,4050,,__setup__.company_mte
__setup__.product_1124,1124,Essai corrosion sueur pulvérisée,Sprayed sweat corrosion,ISO 3160-2 ou NIHS 9650-2013,,,,TRUE,service,Create a task and track hours,Delivered quantities,,,,60,TVA due à 8.0% (Incl. TN),,,,,,,Day(s),,,,,,,,,Laboratory test,Day(s),3050,4050,,__setup__.company_mte
__setup__.product_1125,1125,Corro. thioacétamide,Thioacetamide corrosion,ISO 4538,,,,TRUE,service,Create a task and track hours,Delivered quantities,,,,65,TVA due à 8.0% (Incl. TN),,,,,,,Day(s),,,,,,,,,Laboratory test,Day(s),3050,4050,,__setup__.company_mte
__setup__.product_1126,1126,Essai vieillissement transport,Transport corrosion,48h à 20°C/HR 65% + 48h à 30°C/HR 85%,,,,TRUE,service,Create a task and track hours,Delivered quantities,,,,100,TVA due à 8.0% (Incl. TN),,,,,,,Day(s),,,,,,,,,Laboratory test,Day(s),3050,4050,,__setup__.company_mte
__setup__.product_1127,1127,Couple appliquée 10 Nmm,Applied torque 10Nmm,,,,,TRUE,Consumable,,,,,,0,TVA due à 8.0% (Incl. TN),,,,,,,Unit(s),,,,,,,,,Testing parameters,Unit(s),3000,4000,,__setup__.company_mte
__setup__.product_1128,1128,Couple appliquée 15 Nmm,Applied torque 15Nmm,,,,,TRUE,Consumable,,,,,,0,TVA due à 8.0% (Incl. TN),,,,,,,Unit(s),,,,,,,,,Testing parameters,Unit(s),3000,4000,,__setup__.company_mte
__setup__.product_1129,1129,Couple torsion : 30 Ncm,Torsion torque : 30 Ncm,,,,,TRUE,Consumable,,,,,,1,TVA due à 8.0% (Incl. TN),,,,,,,Unit(s),,,,,,,,,Testing parameters,Unit(s),3030,4030,,__setup__.company_mte
__setup__.product_1130,1130,Couple torsion : 50 Ncm,Torsion torque : 50 Ncm,,,,,TRUE,Consumable,,,,,,0,TVA due à 8.0% (Incl. TN),,,,,,,Unit(s),,,,,,,,,Testing parameters,Unit(s),3030,4030,,__setup__.company_mte
__setup__.product_1131,1131,Couronne usure rotation / tirage,Crown wear rotation/ drawing out,,,,,TRUE,service,Create a task and track hours,Delivered quantities,,,,170,TVA due à 8.0% (Incl. TN),,,,,,,Pieces,,,,,,,,,Laboratory test,Pieces,3000,4000,,__setup__.company_mte
__setup__.product_1102,1102,Composés fluorés en restriction,#N/A,#N/A,,,,TRUE,service,Create a task and track hours,Delivered quantities,,TRUE,,230,TVA 0% exclue,,,,,,,molecule,,,,,,,,,Chemistry Analysis,molecule,3041,4041,,__setup__.company_mte
__setup__.product_1134,1134,Crème pour les mains,Hand cream,,,,,TRUE,Consumable,,,,,,25,TVA due à 8.0% (Incl. TN),,,,,,,Unit(s),,,,,,,,,Testing parameters,Unit(s),3050,4050,,__setup__.company_mte
__setup__.product_1135,1135,Crème solaire,Sun cream,,,,,TRUE,Consumable,,,,,,25,TVA due à 8.0% (Incl. TN),,,,,,,Unit(s),,,,,,,,,Testing parameters,Unit(s),3050,4050,,__setup__.company_mte
__setup__.product_1136,1136,Cu,Cu,,,,,TRUE,Consumable,,,,,,20,TVA due à 8.0% (Incl. TN),,,,,,,Unit(s),,,,,,,,,Testing parameters,Unit(s),3030,4030,,__setup__.company_mte
__setup__.product_1137,1137,Cuivrage,Copper-plating,,,,,TRUE,Consumable,,,,,,0,TVA due à 8.0% (Incl. TN),,,,,,,Unit(s),,,,,,,,,Testing parameters,Unit(s),3040,4040,,__setup__.company_mte
__setup__.product_1138,1138,Cycles,Cycles,,,,,TRUE,Consumable,,,,,,0,TVA due à 8.0% (Incl. TN),,,,,,,Unit(s),,,,,,,,,Testing parameters,Unit(s),3000,4000,,__setup__.company_mte
__setup__.product_1139,1139,Cycles climatiques vieillissement,Ageing climatic cycles,,,,,TRUE,service,Create a task and track hours,Delivered quantities,,,,100,TVA due à 8.0% (Incl. TN),,,,,,,Day(s),,,,,,,,,Laboratory test,Day(s),3050,4050,,__setup__.company_mte
__setup__.product_1140,1140,Déchassage glace,Glass driving out,Mesure force de déchassage en compression,,,,TRUE,service,Create a task and track hours,Delivered quantities,,,,50,TVA due à 8.0% (Incl. TN),,,,,,,Pieces,,,,,,,,,Laboratory test,Pieces,3000,4000,,__setup__.company_mte
__setup__.product_1141,1141,Décroissance lumineuse Tritec,Bright decrease Tritec,ISO 17514 (essai sous-traité non accrédité),,,,TRUE,service,Create a task and track hours,Delivered quantities,,,,210,TVA due à 8.0% (Incl. TN),,,,,,,Pieces,,,,,,,,,Laboratory test,Pieces,3040,4040,,__setup__.company_mte
__setup__.product_1142,1142,Dessous,Underside,,,,,,Consumable,,,,,,,,,,,,,,Unit(s),,,,,,,,,Testing parameters,Unit(s),,,,__setup__.company_mte
__setup__.product_1143,1143,Dessus,Topside,,,,,,Consumable,,,,,,,,,,,,,,Unit(s),,,,,,,,,Testing parameters,Unit(s),,,,__setup__.company_mte
__setup__.product_1144,1144,Deuxième choc : arrière,Second shock : back,,,,,,Consumable,,,,,,,,,,,,,,Unit(s),,,,,,,,,Testing parameters,Unit(s),,,,__setup__.company_mte
__setup__.product_1133,1133,Cr +VI,#N/A,#N/A,,,,TRUE,service,Create a task and track hours,Delivered quantities,,TRUE,,80,TVA 0% exclue,,,,,,,molecule,,,,,,,,,Chemistry Analysis,molecule,3041,4041,,__setup__.company_mte
__setup__.product_1146,1146,Divers tests,Various tests,,,,,,service,Create a task and track hours,Delivered quantities,,,,,TVA due à 8.0% (Incl. TN),,,,,,,Unit,,,,,,,,,Laboratory test,Unit,3040,4040,,__setup__.company_mte
__setup__.product_1145,1145,Diméthylfumarate,#N/A,#N/A,,,,TRUE,service,Create a task and track hours,Delivered quantities,,TRUE,,170,TVA 0% exclue,,,,,,,molecule,,,,,,,,,Chemistry Analysis,molecule,3041,4041,,__setup__.company_mte
__setup__.product_1148,1148,Durée,Duration,,,,,TRUE,Consumable,,,,,,0,TVA due à 8.0% (Incl. TN),,,,,,,Day(s),,,,,,,,,Testing parameters,Day(s),3030,4030,,__setup__.company_mte
__setup__.product_1149,1149,Dureté Knoop,Knoop hardness,,,,,TRUE,Consumable,,,,,,80,TVA due à 8.0% (Incl. TN),,,,,,,Pieces,,,,,,,,,Testing parameters,Pieces,3040,4040,,__setup__.company_mte
__setup__.product_1150,1150,Dureté Shore A,Shore A hardness,,,,,TRUE,Consumable,,,,,,60,TVA due à 8.0% (Incl. TN),,,,,,,Pieces,,,,,,,,,Testing parameters,Pieces,3040,4040,,__setup__.company_mte
__setup__.product_1151,1151,Dureté Vickers,Vickers hardness,,,,,TRUE,Consumable,,,,,,80,TVA due à 8.0% (Incl. TN),,,,,,,Pieces,,,,,,,,,Testing parameters,Pieces,3040,4040,,__setup__.company_mte
__setup__.product_1152,1152,Eau chaude 35°C / 24h,Hot water 35°C / 24h,,,,,,service,Create a task and track hours,Delivered quantities,,,,,,,,,,,,Unit(s),,,,,,,,,Laboratory test,Unit(s),,,,__setup__.company_mte
__setup__.product_1153,1153,Efflorescence,Efflorescence,Sur brin caoutchouc,,,,TRUE,service,Create a task and track hours,Delivered quantities,,,,500,TVA due à 8.0% (Incl. TN),,,,,,,Pieces,,,,,,,,,Laboratory test,Pieces,3050,4050,,__setup__.company_mte
__setup__.product_1154,1154,Elastomère déformation permanente,Permanent deformation of elastomer,DRC,,,,TRUE,service,Create a task and track hours,Delivered quantities,,,,250,TVA due à 8.0% (Incl. TN),,,,,,,Pieces,,,,,,,,,Laboratory test,Pieces,3050,4050,,__setup__.company_mte
__setup__.product_1155,1155,Elastomère hydrolyse,Elastomer hydrolysis,,,,,TRUE,service,Create a task and track hours,Delivered quantities,,,,210,TVA due à 8.0% (Incl. TN),,,,,,,Pieces,,,,,,,,,Laboratory test,Pieces,3050,4050,,__setup__.company_mte
__setup__.product_1156,1156,Test d'usure EN-12472,Wear test EN-12472,Norme EN 12472,,,,TRUE,service,Create a task and track hours,Delivered quantities,,,,120,TVA due à 8.0% (Incl. TN),,,,,,,Pieces,,,,,,,,,Laboratory test,Pieces,3000,4000,,__setup__.company_mte
__setup__.product_1157,1157,Energie cinétique de rupture,Breaking kinetic energy,NIHS 61-13,,,,TRUE,service,Create a task and track hours,Delivered quantities,,,,70,TVA due à 8.0% (Incl. TN),,,,,,,Pieces,,,,,,,,,Laboratory test,Pieces,3000,4000,,__setup__.company_mte
__setup__.product_1158,1158,Enrobage conducteur,Conductor potting,,,,,,Consumable,,,,,,,,,,,,,,Unit(s),,,,,,,,,Testing parameters,Unit(s),,,,__setup__.company_mte
__setup__.product_1159,1159,Essai pliage,Bending trial,,,,,TRUE,service,Create a task and track hours,Delivered quantities,,,,65,TVA due à 8.0% (Incl. TN),,,,,,,Pieces,,,,,,,,,Laboratory test,Pieces,3030,4030,,__setup__.company_mte
__setup__.product_1161,1161,Ethanol,Ethanol,,,,,TRUE,Consumable,,,,,,20,TVA due à 8.0% (Incl. TN),,,,,,,Unit(s),,,,,,,,,Testing parameters,Unit(s),3030,4030,,__setup__.company_mte
__setup__.product_1147,1147,DMCA,#N/A,#N/A,,,,TRUE,service,Create a task and track hours,Delivered quantities,,TRUE,,60,TVA due à 8.0% (Incl. TN),,,,,,,molecule,,,,,,,,,Chemistry Analysis,molecule,3041,4041,,__setup__.company_mte
__setup__.product_1163,1163,Examen MEB,SEM examination,,,,,TRUE,service,Create a task and track hours,Delivered quantities,,,,400,TVA due à 8.0% (Incl. TN),,,,,,,Hours(s),,,,,,,,,Laboratory test,Hours(s),3040,4040,,__setup__.company_mte
__setup__.product_1164,1164,Examen métallographique,Metallographic examination,,,,,TRUE,service,Create a task and track hours,Delivered quantities,,,,80,TVA due à 8.0% (Incl. TN),,,,,,,lot,,,,,,,,,Laboratory test,lot,3040,4040,,__setup__.company_mte
__setup__.product_1165,1165,Exposition chaleur sèche à 70°C,70°C dry heat exposition,,,,,TRUE,service,Create a task and track hours,Delivered quantities,,,,30,TVA due à 8.0% (Incl. TN),,,,,,,Day(s),,,,,,,,,Laboratory test,Day(s),3050,4050,,__setup__.company_mte
__setup__.product_1166,1166,F = 100 N,F = 100 N,,,,,TRUE,Consumable,,,,,,0,TVA due à 8.0% (Incl. TN),,,,,,,Unit(s),,,,,,,,,Testing parameters,Unit(s),4000,4000,,__setup__.company_mte
__setup__.product_1167,1167,F = 150 N,F = 150 N,,,,,TRUE,Consumable,,,,,,0,TVA due à 8.0% (Incl. TN),,,,,,,Unit(s),,,,,,,,,Testing parameters,Unit(s),4000,4000,,__setup__.company_mte
__setup__.product_1168,1168,F = 200 N,F = 200 N,,,,,TRUE,Consumable,,,,,,0,TVA due à 8.0% (Incl. TN),,,,,,,Unit(s),,,,,,,,,Testing parameters,Unit(s),4000,4000,,__setup__.company_mte
__setup__.product_1169,1169,F = 75 N,F = 75 N,,,,,TRUE,Consumable,,,,,,0,TVA due à 8.0% (Incl. TN),,,,,,,Unit(s),,,,,,,,,Testing parameters,Unit(s),4000,4000,,__setup__.company_mte
__setup__.product_1170,1170,Usure articulations fermoir,Wear closing articulation,,,,,TRUE,service,Create a task and track hours,Delivered quantities,,,,50,TVA due à 8.0% (Incl. TN),,,,,,,Pieces,,,,,,,,,Laboratory test,Pieces,3000,4000,,__setup__.company_mte
__setup__.product_1171,1171,Usure fonction fermoir (ouverture/fermeture/poussoir/réglage fin/etc.),Wear clasp aiging,,,,,TRUE,service,Create a task and track hours,Delivered quantities,,,,350,TVA due à 8.0% (Incl. TN),,,,,,,Pieces,,,,,,,,,Laboratory test,Pieces,3000,4000,,__setup__.company_mte
__setup__.product_1172,1172,Fermoir,Clasp,"Usure ouverture/fermeture, fonction poussoir",,,,,service,Create a task and track hours,Delivered quantities,,,,,TVA due à 8.0% (Incl. TN),,,,,,,Pieces,,,,,,,,,Laboratory test,Pieces,3000,4000,,__setup__.company_mte
__setup__.product_1173,1173,Feutre blanc,White blotter,,,,,TRUE,Consumable,,,,,,0,TVA due à 8.0% (Incl. TN),,,,,,,Unit(s),,,,,,,,,Testing parameters,Unit(s),3050,4050,,__setup__.company_mte
__setup__.product_1174,1174,Feutre noir,Black blotter,,,,,TRUE,Consumable,,,,,,0,TVA due à 8.0% (Incl. TN),,,,,,,Unit(s),,,,,,,,,Testing parameters,Unit(s),3050,4050,,__setup__.company_mte
__setup__.product_1175,1175,Usure fonction chronographe START-STOP-RESET,START-STOP-RESET chronograph function,,,,,TRUE,service,Create a task and track hours,Delivered quantities,,,,170,TVA due à 8.0% (Incl. TN),,,,,,,Pieces,,,,,,,,,Laboratory test,Pieces,3030,4030,,__setup__.company_mte
__setup__.product_1176,1176,Fond,Bottom,,,,,TRUE,Consumable,,,,,,0,TVA due à 8.0% (Incl. TN),,,,,,,Unit(s),,,,,,,,,Testing parameters,Unit(s),3030,4030,,__setup__.company_mte
__setup__.product_1177,1177,Force appliquée : jusqu'à rupture,Applied force : up to breaking point,,,,,,Consumable,,,,,,,,,,,,,,Unit(s),,,,,,,,,Testing parameters,Unit(s),,,,__setup__.company_mte
__setup__.product_1178,1178,Force appliquée 15 N,Applied force : 15 N,,,,,,Consumable,,,,,,,,,,,,,,Unit(s),,,,,,,,,Testing parameters,Unit(s),,,,__setup__.company_mte
__setup__.product_1179,1179,Force appliquée 25 N,Applied force : 25 N,,,,,,Consumable,,,,,,,,,,,,,,Unit(s),,,,,,,,,Testing parameters,Unit(s),,,,__setup__.company_mte
__setup__.product_1180,1180,Force d'appui radial,Radial support force,,,,,,Consumable,,,,,,,,,,,,,,Unit(s),,,,,,,,,Testing parameters,Unit(s),,,,__setup__.company_mte
__setup__.product_1181,1181,Force extraction,Extraction force,,,,,,Consumable,,,,,,,,,,,,,,Unit(s),,,,,,,,,Testing parameters,Unit(s),,,,__setup__.company_mte
__setup__.product_1182,1182,Force fermeture,Closing force,,,,,,Consumable,,,,,,,,,,,,,,Unit(s),,,,,,,,,Testing parameters,Unit(s),,,,__setup__.company_mte
__setup__.product_1183,1183,Force ouverture,Opening force,,,,,,Consumable,,,,,,,,,,,,,,Unit(s),,,,,,,,,Testing parameters,Unit(s),,,,__setup__.company_mte
__setup__.product_1184,1184,Force poussoir,Push-button force,,,,,,Consumable,,,,,,,,,,,,,,Unit(s),,,,,,,,,Testing parameters,Unit(s),,,,__setup__.company_mte
__setup__.product_1162,1162,Ethylene glycol dimethacrylate (EGDMA),#N/A,#N/A,,,,TRUE,service,Create a task and track hours,Delivered quantities,,TRUE,,130,TVA 0% exclue,,,,,,,molecule,,,,,,,,,Chemistry Analysis,molecule,3041,4041,,__setup__.company_mte
__setup__.product_1185,1185,Formaldéhyde,#N/A,#N/A,,,,TRUE,service,Create a task and track hours,Delivered quantities,,TRUE,,130,TVA 0% exclue,,,,,,,molecule,,,,,,,,,Chemistry Analysis,molecule,3041,4041,,__setup__.company_mte
__setup__.product_1186,1186,Formamide,#N/A,#N/A,,,,TRUE,service,Create a task and track hours,Delivered quantities,,TRUE,,130,TVA 0% exclue,,,,,,,molecule,,,,,,,,,Chemistry Analysis,molecule,3041,4041,,__setup__.company_mte
__setup__.product_1188,1188,Frais dossier,Administrative fees,,,,,TRUE,service,Create a task and track hours,Delivered quantities,,,,70,TVA due à 8.0% (Incl. TN),,,,,,,Unit,,,,,,,,,Laboratory test,Unit,3030,4030,,__setup__.company_mte
__setup__.product_1190,1190,Glace libre sur support,Free glass on support,,,,,TRUE,Consumable,,,,,,0,TVA due à 8.0% (Incl. TN),,,,,,,Unit(s),,,,,,,,,Testing parameters,Unit(s),3030,4030,,__setup__.company_mte
__setup__.product_1191,1191,Glace minérale,Mineral glass,,,,,TRUE,Consumable,,,,,,0,TVA due à 8.0% (Incl. TN),,,,,,,Unit(s),,,,,,,,,Testing parameters,Unit(s),3030,4030,,__setup__.company_mte
__setup__.product_1192,1192,Glace montée,Assembled glass,,,,,TRUE,Consumable,,,,,,0,TVA due à 8.0% (Incl. TN),,,,,,,Unit(s),,,,,,,,,Testing parameters,Unit(s),3030,4030,,__setup__.company_mte
__setup__.product_1193,1193,Glace plastique,Plastic glass,,,,,TRUE,Consumable,,,,,,0,TVA due à 8.0% (Incl. TN),,,,,,,Unit(s),,,,,,,,,Testing parameters,Unit(s),3030,4030,,__setup__.company_mte
__setup__.product_1194,1194,Glace saphir,Sapphire glass,,,,,TRUE,Consumable,,,,,,0,TVA due à 8.0% (Incl. TN),,,,,,,Unit(s),,,,,,,,,Testing parameters,Unit(s),3030,4030,,__setup__.company_mte
__setup__.product_1195,1195,Gomme bleue,Blue gum,,,,,TRUE,Consumable,,,,,,0,TVA due à 8.0% (Incl. TN),,,,,,,Unit(s),,,,,,,,,Testing parameters,Unit(s),3030,4030,,__setup__.company_mte
__setup__.product_1196,1196,Goupilles mise de longueur,Pins of adjustable parts,,,,,TRUE,Consumable,,,,,,0,TVA due à 8.0% (Incl. TN),,,,,,,Unit(s),,,,,,,,,Testing parameters,Unit(s),3030,4030,,__setup__.company_mte
__setup__.product_1197,1197,H.R <20%,H.R <20%,,,,,TRUE,Consumable,,,,,,0,TVA due à 8.0% (Incl. TN),,,,,,,Unit(s),,,,,,,,,Testing parameters,Unit(s),3050,4050,,__setup__.company_mte
__setup__.product_1187,1187,"Formamide, DMF & COV",#N/A,#N/A,,,,TRUE,service,Create a task and track hours,Delivered quantities,,TRUE,,240,TVA 0% exclue,,,,,,,Unit(s),,,,,,,,,Chemistry Analysis,Unit(s),3040,4041,,__setup__.company_mte
__setup__.product_1199,1199,Hydrolyse colle,Hydrolysis glue,,,,,TRUE,service,Create a task and track hours,Delivered quantities,,,,210,TVA due à 8.0% (Incl. TN),,,,,,,Day(s),,,,,,,,,Laboratory test,Day(s),3050,4050,,__setup__.company_mte
__setup__.product_1200,1200,Immersion 12h,Immersion 12h,,,,,,Consumable,,,,,,,,,,,,,,Unit(s),,,,,,,,,Testing parameters,Unit(s),,,,__setup__.company_mte
__setup__.product_1201,1201,Immersion 15 min.,Immersion 15 min.,,,,,,Consumable,,,,,,,,,,,,,,Unit(s),,,,,,,,,Testing parameters,Unit(s),,,,__setup__.company_mte
__setup__.product_1202,1202,Immersion eau à 5°C,Water immersion to 5°C,,,,,,Consumable,,,,,,,,,,,,,,Unit(s),,,,,,,,,Testing parameters,Unit(s),,,,__setup__.company_mte
__setup__.product_1203,1203,Immersion eau chaude 35°C 24h,Hot water immersion 35°C 24h,,,,,,Consumable,,,,,,,,,,,,,,Unit(s),,,,,,,,,Testing parameters,Unit(s),,,,__setup__.company_mte
__setup__.product_1198,1198,Hexabromocyclododecane [HBCDD],#N/A,#N/A,,,,TRUE,service,Create a task and track hours,Delivered quantities,,TRUE,,130,TVA 0% exclue,,,,,,,molecule,,,,,,,,,Chemistry Analysis,molecule,3041,4041,,__setup__.company_mte
__setup__.product_1205,1205,Kit corrosion buvard (NaCl),Blotting paper corrosion kit (NaCl),,,,,TRUE,service,,Delivered quantities,,,,15,TVA due à 8.0% (Incl. TN),,,,,,,Unit(s),,,,,,,,,Saleable,Unit(s),3010,4010,,__setup__.company_mte
__setup__.product_1206,1206,Kit corrosion buvard (Sueur synthétique),Blotting paper corrosion kit (synthetic sweat),,,,,TRUE,service,,Delivered quantities,,,,15,TVA due à 8.0% (Incl. TN),,,,,,,Unit(s),,,,,,,,,Saleable,Unit(s),3010,4010,,__setup__.company_mte
__setup__.product_1207,1207,Lait pour le corps,Body lotion,,,,,TRUE,Consumable,,,,,,25,TVA due à 8.0% (Incl. TN),,,,,,,Unit(s),,,,,,,,,Testing parameters,Unit(s),3050,4050,,__setup__.company_mte
__setup__.product_1208,1208,Largeur < 10 mm -> Force 5 N,Width < 10 mm -> 5 N force,,,,,TRUE,Consumable,,,,,,0,TVA due à 8.0% (Incl. TN),,,,,,,Unit(s),,,,,,,,,Testing parameters,Unit(s),3030,4030,,__setup__.company_mte
__setup__.product_1209,1209,Largeur > 25 mm -> Force 15 N,Width > 25 mm -> 15 N force,,,,,TRUE,Consumable,,,,,,0,TVA due à 8.0% (Incl. TN),,,,,,,Unit(s),,,,,,,,,Testing parameters,Unit(s),3030,4030,,__setup__.company_mte
__setup__.product_1210,1210,Largeur 11 à 15 mm -> Force 7.5 N,Width 11 to 15 mm -> 7.5 N force,,,,,TRUE,Consumable,,,,,,0,TVA due à 8.0% (Incl. TN),,,,,,,Unit(s),,,,,,,,,Testing parameters,Unit(s),3030,4030,,__setup__.company_mte
__setup__.product_1211,1211,Largeur 16 à 20 mm -> Force 10 N,Width 16 to 20 mm -> 10 N force,,,,,TRUE,Consumable,,,,,,0,TVA due à 8.0% (Incl. TN),,,,,,,Unit(s),,,,,,,,,Testing parameters,Unit(s),3030,4030,,__setup__.company_mte
__setup__.product_1212,1212,Largeur 21 à 25 mm -> Force 12.5 N,Width 21 to 25 mm -> 12.5 N force,,,,,TRUE,Consumable,,,,,,0,TVA due à 8.0% (Incl. TN),,,,,,,Unit(s),,,,,,,,,Testing parameters,Unit(s),3030,4030,,__setup__.company_mte
__setup__.product_1213,1213,Lubrification cire d'abeille,Beeswax lubrication,,,,,TRUE,Consumable,,,,,,0,TVA due à 8.0% (Incl. TN),,,,,,,Unit(s),,,,,,,,,Testing parameters,Unit(s),3000,4000,,__setup__.company_mte
__setup__.product_1214,1214,Lubrification Fonblin,Fonblin lubrication,,,,,TRUE,Consumable,,,,,,0,TVA due à 8.0% (Incl. TN),,,,,,,Unit(s),,,,,,,,,Testing parameters,Unit(s),3000,4000,,__setup__.company_mte
__setup__.product_1215,1215,Lunette usure rotation,Wear rotating bezel,,,,,TRUE,service,Create a task and track hours,Delivered quantities,,,,170,TVA due à 8.0% (Incl. TN),,,,,,,Pieces,,,,,,,,,Laboratory test,Pieces,3000,4000,,__setup__.company_mte
__setup__.product_1204,1204,Isocyanates,#N/A,#N/A,,,,TRUE,service,Create a task and track hours,Delivered quantities,,TRUE,,130,TVA 0% exclue,,,,,,,molecule,,,,,,,,,Chemistry Analysis,molecule,3041,4041,,__setup__.company_mte
__setup__.product_1217,1217,Mesure,Measurement,,,,,TRUE,service,Create a task and track hours,Delivered quantities,,,,15,TVA due à 8.0% (Incl. TN),,,,,,,Unit(s),,,,,,,,,Laboratory test,Unit(s),3000,4000,,__setup__.company_mte
__setup__.product_1218,1218,Mesure FT-IR,FT-IR measurement,,,,,TRUE,service,Create a task and track hours,Delivered quantities,,,,100,TVA due à 8.0% (Incl. TN),,,,,,,Pieces,,,,,,,,,Laboratory test,Pieces,3030,4030,,__setup__.company_mte
__setup__.product_1219,1219,Mesure couple,Torque measurement,,,,,TRUE,service,Create a task and track hours,Delivered quantities,,,,15,TVA due à 8.0% (Incl. TN),,,,,,,Pieces,,,,,,,,,Laboratory test,Pieces,3000,4000,,__setup__.company_mte
__setup__.product_1220,1220,Mesure d'épaisseur,Thickness measurement,?,,,,TRUE,service,,Delivered quantities,,,,80,TVA due à 8.0% (Incl. TN),,,,,,,Pieces,,,,,,,,,All,Pieces,3040,4040,,__setup__.company_mte
__setup__.product_1221,1221,Mesure d'épaisseur d'optique,Optical thickness measurement,,,,,TRUE,service,Create a task and track hours,Delivered quantities,,,,80,TVA due à 8.0% (Incl. TN),,,,,,,Pieces,,,,,,,,,Laboratory test,Pieces,3040,4040,,__setup__.company_mte
__setup__.product_1222,1222,Mesure diverses,Various measurement,,,,,TRUE,service,Create a task and track hours,Delivered quantities,,,,190,TVA due à 8.0% (Incl. TN),,,,,,,Hours(s),,,,,,,,,Laboratory test,Hours(s),3000,4000,,__setup__.company_mte
__setup__.product_1223,1223,Mesure épaisseur MEB,SEM thickness measurement,,,,,TRUE,service,Create a task and track hours,Delivered quantities,,,,100,TVA due à 8.0% (Incl. TN),,,,,,,Pieces,,,,,,,,,Laboratory test,Pieces,3040,4040,,__setup__.company_mte
__setup__.product_1224,1224,Mesure force initiale,Initial force measurement,,,,,,Consumable,,,,,,,,,,,,,,Unit(s),,,,,,,,,Testing parameters,Unit(s),,,,__setup__.company_mte
__setup__.product_1225,1225,Mesure force intermédiaire,Intermediate force measurement,,,,,,Consumable,,,,,,,,,,,,,,Unit(s),,,,,,,,,Testing parameters,Unit(s),,,,__setup__.company_mte
__setup__.product_1226,1226,Mesure force traction / compression,Traction/compression force measurement,,,,,TRUE,service,Create a task and track hours,Delivered quantities,,,,50,TVA due à 8.0% (Incl. TN),,,,,,,Pieces,,,,,,,,,Laboratory test,Pieces,3000,4000,,__setup__.company_mte
__setup__.product_1227,1227,Mesure L*a*b,L*a*b measurement,Mesure colorimétrique + réflectance,,,,TRUE,service,Create a task and track hours,Delivered quantities,,,,60,TVA due à 8.0% (Incl. TN),,,,,,,Pieces,,,,,,,,,Laboratory test,Pieces,3040,4040,,__setup__.company_mte
__setup__.product_1228,1228,Métallisation or,Gold metallization,,,,,,Consumable,,,,,,,,,,,,,,Unit(s),,,,,,,,,Testing parameters,Unit(s),,,,__setup__.company_mte
__setup__.product_1229,1229,Migration couleur eau,Water color migration,,,,,TRUE,service,Create a task and track hours,Delivered quantities,,,,30,TVA due à 8.0% (Incl. TN),,,,,,,Pieces,,,,,,,,,Laboratory test,Pieces,3050,4050,,__setup__.company_mte
__setup__.product_1230,1230,Migration couleur sueur / buvard,Sweat color migration / Blotter,,,,,TRUE,service,Create a task and track hours,Delivered quantities,,,,100,TVA due à 8.0% (Incl. TN),,,,,,,Pieces,,,,,,,,,Laboratory test,Pieces,3050,4050,,__setup__.company_mte
__setup__.product_1232,1232,Mise en train,Set up,ISO 4044,,,,TRUE,service,Create a task and track hours,Delivered quantities,,,,50,TVA 0% exclue,,,,,,,Pieces,,,,,,,,,Laboratory test,Pieces,3041,4041,,__setup__.company_mte
__setup__.product_1233,1233,mm/min [vitesse],mm/min [speed],,,,,TRUE,Consumable,,,,,,0,TVA due à 8.0% (Incl. TN),,,,,,,Unit(s),,,,,,,,,Testing parameters,Unit(s),3030,4030,,__setup__.company_mte
__setup__.product_1234,1234,Nature des fibres,Nature of fibres,Analyse qualitative,,,,TRUE,service,Create a task and track hours,Delivered quantities,,,,170,TVA due à 8.0% (Incl. TN),,,,,,,Pieces,,,,,,,,,Laboratory test,Pieces,3041,4041,,__setup__.company_mte
__setup__.product_1216,1216,MDI,#N/A,#N/A,,,,TRUE,service,Create a task and track hours,Delivered quantities,,TRUE,,130,TVA 0% exclue,,,,,,,molecule,,,,,,,,,Chemistry Analysis,molecule,3041,4041,,__setup__.company_mte
__setup__.product_1236,1236,Nbre de rotation,Number of rotation,,,,,TRUE,Consumable,,,,,,0,TVA due à 8.0% (Incl. TN),,,,,,,Unit(s),,,,,,,,,Testing parameters,Unit(s),3030,4030,,__setup__.company_mte
__setup__.product_1237,1237,Nbre de tirage,Number of draw,,,,,TRUE,Consumable,,,,,,0,TVA due à 8.0% (Incl. TN),,,,,,,Unit(s),,,,,,,,,Testing parameters,Unit(s),3030,4030,,__setup__.company_mte
__setup__.product_1238,1238,N-méthyl pyrrolidone (NMP),#N/A,#N/A,,,,TRUE,service,Create a task and track hours,Delivered quantities,,TRUE,,120,TVA 0% exclue,,,,,,,molecule,,,,,,,,,Chemistry Analysis,molecule,3041,4041,,__setup__.company_mte
__setup__.product_1239,1239,Observation après,Observation after 120h,,,,,TRUE,Consumable,,,,,,0,TVA due à 8.0% (Incl. TN),,,,,,,Unit(s),,,,,,,,,Testing parameters,Unit(s),3010,4010,,__setup__.company_mte
__setup__.product_1235,1235,Navy blue,#N/A,#N/A,,,,TRUE,service,Create a task and track hours,Delivered quantities,,TRUE,,130,TVA 0% exclue,,,,,,,molecule,,,,,,,,,Chemistry Analysis,molecule,3041,4041,,__setup__.company_mte
__setup__.product_1256,1256,Organoétains,#N/A,#N/A,,,,TRUE,service,Create a task and track hours,Delivered quantities,,TRUE,,175,TVA 0% exclue,,,,,,,molecule,,,,,,,,,Chemistry Analysis,molecule,3041,4041,,__setup__.company_mte
__setup__.product_1258,1258,Outillage,Tooling,,,,,TRUE,service,,Delivered quantities,,,,0,TVA due à 8.0% (Incl. TN),,,,,,,Pieces,,,,,,,,,Saleable,Pieces,3000,4000,,__setup__.company_mte
__setup__.product_1257,1257,Ortho-phénylphénol (OPP),#N/A,#N/A,,,,TRUE,service,Create a task and track hours,Delivered quantities,,TRUE,,130,TVA due à 8.0% (Incl. TN),,,,,,,molecule,,,,,,,,,Chemistry Analysis,molecule,3041,4041,,__setup__.company_mte
__setup__.product_1260,1260,Parfum,Perfume,,,,,TRUE,Consumable,,,,,,25,TVA due à 8.0% (Incl. TN),,,,,,,Unit(s),,,,,,,,,Testing parameters,Unit(s),3050,4050,,__setup__.company_mte
__setup__.product_1261,1261,Passant,Loop,,,,,TRUE,Consumable,,,,,,10,TVA due à 8.0% (Incl. TN),,,,,,,Pieces,,,,,,,,,Testing parameters,Pieces,3000,4000,,__setup__.company_mte
__setup__.product_1262,1262,Pce dans boîte,Part in box,,,,,,Consumable,,,,,,,,,,,,,,Unit(s),,,,,,,,,Testing parameters,Unit(s),,,,__setup__.company_mte
__setup__.product_1263,1263,Pce fixée,Fixed part,,,,,,Consumable,,,,,,,,,,,,,,Unit(s),,,,,,,,,Testing parameters,Unit(s),,,,__setup__.company_mte
__setup__.product_1264,1264,Pce libre,Free part,,,,,,Consumable,,,,,,,,,,,,,,Unit(s),,,,,,,,,Testing parameters,Unit(s),,,,__setup__.company_mte
__setup__.product_1265,1265,Pce suspendue,Hanged piece,,,,,,Consumable,,,,,,,,,,,,,,Unit(s),,,,,,,,,Testing parameters,Unit(s),,,,__setup__.company_mte
__setup__.product_1290,1290,P-tert butylphénol (PTBP),#N/A,#N/A,,,,TRUE,service,Create a task and track hours,Delivered quantities,,TRUE,,130,TVA due à 8.0% (Incl. TN),,,,,,,molecule,,,,,,,,,Chemistry Analysis,molecule,3041,4041,,__setup__.company_mte
__setup__.product_1259,1259,Paraphényldiamine (PPD),#N/A,#N/A,,,,TRUE,service,Create a task and track hours,Delivered quantities,,TRUE,,130,TVA due à 8.0% (Incl. TN),,,,,,,molecule,,,,,,,,,Chemistry Analysis,molecule,3041,4041,,__setup__.company_mte
__setup__.product_1080,1080,PCCC (Parffines chlorées à chaînes courtes (C10-C13)),#N/A,#N/A,,,,TRUE,service,Create a task and track hours,Delivered quantities,,TRUE,,200,TVA 0% exclue,,,,,,,Unit(s),,,,,,,,,Chemistry Analysis,Unit(s),3041,4041,,__setup__.company_mte
__setup__.product_1269,1269,Pièce à redonner pour test,Part to return for test,,,,,,Consumable,,,,,,,,,,,,,,Unit(s),,,,,,,,,Testing parameters,Unit(s),,,,__setup__.company_mte
__setup__.product_1270,1270,Poignet dame,Women wrist,,,,,,Consumable,,,,,,,,,,,,,,Unit(s),,,,,,,,,Testing parameters,Unit(s),,,,__setup__.company_mte
__setup__.product_1271,1271,Poignet homme,Men wrist,,,,,,Consumable,,,,,,,,,,,,,,Unit(s),,,,,,,,,Testing parameters,Unit(s),,,,__setup__.company_mte
__setup__.product_1272,1272,Poinçonnage bille,Ball hall-marking,,,,,TRUE,service,Create a task and track hours,Delivered quantities,,,,50,TVA due à 8.0% (Incl. TN),,,,,,,Pieces,,,,,,,,,Laboratory test,Pieces,3030,4030,,__setup__.company_mte
__setup__.product_1266,1266,PCP/ TeCP / TriCP,#N/A,#N/A,,,,TRUE,service,Create a task and track hours,Delivered quantities,,TRUE,,130,TVA 0% exclue,,,,,,,molecule,,,,,,,,,Chemistry Analysis,molecule,3041,4041,,__setup__.company_mte
__setup__.product_1274,1274,Position tige : 0,Arbor position : 0,,,,,TRUE,Consumable,,,,,,0,TVA due à 8.0% (Incl. TN),,,,,,,Unit(s),,,,,,,,,Testing parameters,Unit(s),3030,4030,,__setup__.company_mte
__setup__.product_1275,1275,Position tige : 0,Arbor position : 0,,,,,TRUE,Consumable,,,,,,0,TVA due à 8.0% (Incl. TN),,,,,,,Unit(s),,,,,,,,,Testing parameters,Unit(s),3030,4030,,__setup__.company_mte
__setup__.product_1276,1276,Position tige : 1,Arbor position : 1,,,,,TRUE,Consumable,,,,,,0,TVA due à 8.0% (Incl. TN),,,,,,,Unit(s),,,,,,,,,Testing parameters,Unit(s),3030,4030,,__setup__.company_mte
__setup__.product_1277,1277,Position tige : 1,Arbor position : 1,,,,,TRUE,Consumable,,,,,,0,TVA due à 8.0% (Incl. TN),,,,,,,Unit(s),,,,,,,,,Testing parameters,Unit(s),3030,4030,,__setup__.company_mte
__setup__.product_1278,1278,Position tige : 2,Arbor position : 2,,,,,TRUE,Consumable,,,,,,0,TVA due à 8.0% (Incl. TN),,,,,,,Unit(s),,,,,,,,,Testing parameters,Unit(s),3030,4030,,__setup__.company_mte
__setup__.product_1279,1279,Position tige : 2,Arbor position : 2,,,,,TRUE,Consumable,,,,,,0,TVA due à 8.0% (Incl. TN),,,,,,,Unit(s),,,,,,,,,Testing parameters,Unit(s),3030,4030,,__setup__.company_mte
__setup__.product_1280,1280,Premier choc : 9h,First shock : 9h,,,,,TRUE,Consumable,,,,,,15,TVA due à 8.0% (Incl. TN),,,,,,,Unit(s),,,,,,,,,Testing parameters,Unit(s),3030,4030,,__setup__.company_mte
__setup__.product_1281,1281,Préparation échantillon MEB/métallisation,Sample preparation to SEM/metallization,,,,,TRUE,service,Create a task and track hours,Delivered quantities,,,,50,TVA due à 8.0% (Incl. TN),,,,,,,Pieces,,,,,,,,,Laboratory test,Pieces,3040,4040,,__setup__.company_mte
__setup__.product_1282,1282,Préparation échantillon/mise en test,Sample preparation/testing,,,,,TRUE,Consumable,,,,,,120,TVA due à 8.0% (Incl. TN),,,,,,,Hours(s),,,,,,,,,Testing parameters,Hours(s),3010,4010,,__setup__.company_mte
__setup__.product_1283,1283,Préparation enrobage,Potting preparation,,,,,TRUE,service,Create a task and track hours,Delivered quantities,,,,150,TVA due à 8.0% (Incl. TN),,,,,,,Pieces,,,,,,,,,Laboratory test,Pieces,3040,4040,,__setup__.company_mte
__setup__.product_1284,1284,Essai vieillissement selon procédure transport,Transport procedure,Selon ISO 2248,,,,TRUE,service,Create a task and track hours,Delivered quantities,,,,120,TVA due à 8.0% (Incl. TN),,,,,,,Pieces,,,,,,,,,Laboratory test,Pieces,3000,4000,,__setup__.company_mte
__setup__.product_1285,1285,Profil de dureté,Hardness profile,,,,,TRUE,Consumable,,,,,,80,TVA due à 8.0% (Incl. TN),,,,,,,Unit(s),,,,,,,,,Testing parameters,Unit(s),3030,4030,,__setup__.company_mte
__setup__.product_1286,1286,Programme N°,Program N°,,,,,,Consumable,,,,,,,,,,,,,,Unit(s),,,,,,,,,Testing parameters,Unit(s),,,,__setup__.company_mte
__setup__.product_1287,1287,Protection partielle,Partial protection,,,,,,Consumable,,,,,,,,,,,,,,Unit(s),,,,,,,,,Testing parameters,Unit(s),,,,__setup__.company_mte
__setup__.product_1288,1288,Protéger avec vernis,Protection with varnish,,,,,,Consumable,,,,,,,,,,,,,,Unit(s),,,,,,,,,Testing parameters,Unit(s),,,,__setup__.company_mte
__setup__.product_1289,1289,Protéger partiellement,Partial protection,,,,,,Consumable,,,,,,,,,,,,,,Unit(s),,,,,,,,,Testing parameters,Unit(s),,,,__setup__.company_mte
__setup__.product_1267,1267,pH,#N/A,#N/A,,,,TRUE,service,Create a task and track hours,Delivered quantities,,TRUE,,40,TVA 0% exclue,,,,,,,molecule,,,,,,,,,Chemistry Analysis,molecule,3041,4041,,__setup__.company_mte
__setup__.product_1268,1268,Phtalates,#N/A,#N/A,,,,TRUE,service,Create a task and track hours,Delivered quantities,,TRUE,,130,TVA 0% exclue,,,,,,,molecule,,,,,,,,,Chemistry Analysis,molecule,3041,4041,,__setup__.company_mte
__setup__.product_1292,1292,Rapport/analyse/assistance technique,Report/analysis/technical support,,,,,TRUE,service,,Delivered quantities,,,,200,TVA due à 8.0% (Incl. TN),,,,,,,Hours(s),,,,,,,,,All,Hours(s),3010,4010,,__setup__.company_mte
__setup__.product_1293,1293,Rayonnement solaire,Sun light,,,,,TRUE,service,Create a task and track hours,Delivered quantities,,,,120,TVA due à 8.0% (Incl. TN),,,,,,,Day(s),,,,,,,,,Laboratory test,Day(s),3050,4050,,__setup__.company_mte
__setup__.product_1294,1294,Rayure fines,Thin stratches,ISO 23160,,,,TRUE,service,Create a task and track hours,Delivered quantities,,,,130,TVA due à 8.0% (Incl. TN),,,,,,,Pieces,,,,,,,,,Laboratory test,Pieces,3050,4050,,__setup__.company_mte
__setup__.product_1295,1295,Test DMG (dyméthyglioxime),DMG test (dymethyglioxim),CR 12471,,,,TRUE,service,Create a task and track hours,Delivered quantities,,,,60,TVA 0% exclue,,,,,,,Pieces,,,,,,,,,Laboratory test,Pieces,3041,4041,,__setup__.company_mte
__setup__.product_1296,1296,Relargage Ni,Ni release,EN 1811,,,,TRUE,service,Create a task and track hours,Delivered quantities,,,,240,TVA 0% exclue,,,,,,,Pieces,,,,,,,,,Laboratory test,Pieces,3041,4041,,__setup__.company_mte
__setup__.product_1297,1297,Résistance à la goutte d'eau,Water drop resistance,,,,,TRUE,service,Create a task and track hours,Delivered quantities,,,,60,TVA due à 8.0% (Incl. TN),,,,,,,Pieces,,,,,,,,,Laboratory test,Pieces,3050,4050,,__setup__.company_mte
__setup__.product_1298,1298,Résistance aux cosmétiques,Cosmetics resistance (48h/40°C),,,,,TRUE,service,Create a task and track hours,Delivered quantities,,,,150,TVA due à 8.0% (Incl. TN),,,,,,,Pieces,,,,,,,,,Laboratory test,Pieces,3050,4050,,__setup__.company_mte
__setup__.product_1299,1299,Résistance aux solvants,Solvents resistance (15 min. immersion),,,,,TRUE,service,Create a task and track hours,Delivered quantities,,,,150,TVA due à 8.0% (Incl. TN),,,,,,,Pieces,,,,,,,,,Laboratory test,Pieces,3050,4050,,__setup__.company_mte
__setup__.product_1273,1273,Polycyclique aromatique [HAP],#N/A,#N/A,,,,TRUE,service,Create a task and track hours,Delivered quantities,,TRUE,,130,TVA 0% exclue,,,,,,,molecule,,,,,,,,,Chemistry Analysis,molecule,3041,4041,,__setup__.company_mte
__setup__.product_1300,1300,Retardateur de flamme,#N/A,#N/A,,,,TRUE,service,Create a task and track hours,Delivered quantities,,TRUE,,140,TVA 0% exclue,,,,,,,molecule,,,,,,,,,Chemistry Analysis,molecule,3041,4041,,__setup__.company_mte
__setup__.product_1302,1302,Ruban adhésif 600,Adhesive tape 600,,,,,TRUE,Consumable,,,,,,15,TVA due à 8.0% (Incl. TN),,,,,,,Unit(s),,,,,,,,,Testing parameters,Unit(s),3030,4030,,__setup__.company_mte
__setup__.product_1303,1303,Ruban adhésif 845,Adhesive tape 845,,,,,TRUE,Consumable,,,,,,15,TVA due à 8.0% (Incl. TN),,,,,,,Unit(s),,,,,,,,,Testing parameters,Unit(s),3030,4030,,__setup__.company_mte
__setup__.product_1304,1304,Ruban adhésif 898,Adhesive tape 898,,,,,TRUE,Consumable,,,,,,15,TVA due à 8.0% (Incl. TN),,,,,,,Unit(s),,,,,,,,,Testing parameters,Unit(s),3030,4030,,__setup__.company_mte
__setup__.product_1305,1305,Sac à main,Handbag,,,,,TRUE,service,Create a task and track hours,Delivered quantities,,,,80,TVA due à 8.0% (Incl. TN),,,,,,,Pieces,,,,,,,,,Laboratory test,Pieces,3050,4050,,__setup__.company_mte
__setup__.product_1306,1306,Salissure avec cycle de nettoyage,Dirt with cleaning cycle,,,,,TRUE,service,Create a task and track hours,Delivered quantities,,,,200,TVA due à 8.0% (Incl. TN),,,,,,,Pieces,,,,,,,,,Laboratory test,Pieces,3050,4050,,__setup__.company_mte
__setup__.product_1307,1307,Sans abrasif,Without abrasive,,,,,,Consumable,,,,,,,,,,,,,,Unit(s),,,,,,,,,Testing parameters,Unit(s),,,,__setup__.company_mte
__setup__.product_1301,1301,Retardateur de flamme ROHS (PBB et PBDE),#N/A,#N/A,,,,TRUE,service,Create a task and track hours,Delivered quantities,,TRUE,,120,TVA due à 8.0% (Incl. TN),,,,,,,molecule,,,,,,,,,Chemistry Analysis,molecule,3040,4040,,__setup__.company_mte
__setup__.product_1308,1308,Screening liste REACH,#N/A,#N/A,,,,TRUE,service,Create a task and track hours,Delivered quantities,,TRUE,,340,TVA 0% exclue,,,,,,,molecule,,,,,,,,,Chemistry Analysis,molecule,3041,4041,,__setup__.company_mte
__setup__.product_1310,1310,Sec,Dry,,,,,TRUE,Consumable,,,,,,60,TVA due à 8.0% (Incl. TN),,,,,,,Pieces,,,,,,,,,Parameters,Pieces,3050,4050,,__setup__.company_mte
__setup__.product_1311,1311,Sens de rotation anti-horaire,Rotation anti-clockwise,,,,,,Consumable,,,,,,,,,,,,,,Unit(s),,,,,,,,,Parameters,Unit(s),,,,__setup__.company_mte
__setup__.product_1312,1312,Sens de rotation horaire,Rotation clockwise,,,,,,Consumable,,,,,,,,,,,,,,Unit(s),,,,,,,,,Parameters,Unit(s),,,,__setup__.company_mte
__setup__.product_1313,1313,Si bracelet souple : +/- 60°,If flexible wristlet : +/- 60°,,,,,,Consumable,,,,,,,,,,,,,,Unit(s),,,,,,,,,Parameters,Unit(s),,,,__setup__.company_mte
__setup__.product_1314,1314,Tin Sn,Sn,,,,,,Consumable,,,,,,,,,,,,,,Unit(s),,,,,,,,,Parameters,Unit(s),,,,__setup__.company_mte
__setup__.product_1315,1315,Solidité teinture cuir (Veslic),Strength of leather dye (Veslic),,,,,TRUE,service,Create a task and track hours,Delivered quantities,,,,140,TVA due à 8.0% (Incl. TN),,,,,,,Pieces,,,,,,,,,Laboratory test,Pieces,3050,4050,,__setup__.company_mte
__setup__.product_1316,1316,Acétate d’éthyle,Ethyl acetate,,,,,TRUE,Consumable,,,,,,20,TVA due à 8.0% (Incl. TN),,,,,,,Pieces,,,,,,,,,Parameters,Pieces,3050,4050,,__setup__.company_mte
__setup__.product_1317,1317,Sous pression,Under pressure,,,,,TRUE,Consumable,,,,,,0,TVA due à 8.0% (Incl. TN),,,,,,,Unit(s),,,,,,,,,Parameters,Unit(s),3040,4040,,__setup__.company_mte
__setup__.product_1318,1318,Sous-traitance,Outsourcing,,,,,TRUE,Consumable,,,,,,0,TVA due à 8.0% (Incl. TN),,,,,,,Unit(s),,,,,,,,,Parameters,Unit(s),3010,4010,,__setup__.company_mte
__setup__.product_1319,1319,Spectre UV/VIS,UV/VIS spectrum,Mesure en réflectance et transmisson,,,,TRUE,service,Create a task and track hours,Delivered quantities,,,,60,TVA 0% exclue,,,,,,,Pieces,,,,,,,,,Laboratory test,Pieces,3041,4041,,__setup__.company_mte
__setup__.product_1309,1309,Screening métaux en restriction,#N/A,#N/A,,,,TRUE,service,Create a task and track hours,Delivered quantities,,TRUE,,190,TVA 0% exclue,,,,,,,molecule,,,,,,,,,Chemistry Analysis,molecule,3041,4041,,__setup__.company_mte
__setup__.product_1321,1321,Stylo ECOBRA,ECOBRA pen,,,,,,Consumable,,,,,,,,,,,,,,Unit(s),,,,,,,,,Testing parameters,Unit(s),,,,__setup__.company_mte
__setup__.product_1322,1322,Sueur,Sweat,,,,,TRUE,Consumable,,,,,,100,TVA due à 8.0% (Incl. TN),,,,,,,Pieces,,,,,,,,,Testing parameters,Pieces,3050,4050,,__setup__.company_mte
__setup__.product_1323,1323,Sueur synthétique,Synthetic sweat,Norme ISO 3160/2,,,,TRUE,service,,Delivered quantities,,,,45,TVA due à 8.0% (Incl. TN),,,,,,,lt,,,,,,,,,Saleable,lt,3010,4010,,__setup__.company_mte
__setup__.product_1324,1324,Sur buvard,On blotting paper,,,,,TRUE,Consumable,,,,,,0,TVA due à 8.0% (Incl. TN),,,,,,,Unit(s),,,,,,,,,Testing parameters,Unit(s),3030,4030,,__setup__.company_mte
__setup__.product_1325,1325,Sur coton,On cotton,,,,,TRUE,Consumable,,,,,,0,TVA due à 8.0% (Incl. TN),,,,,,,Unit(s),,,,,,,,,Testing parameters,Unit(s),3030,4030,,__setup__.company_mte
__setup__.product_1326,1326,Sur micro-section,On micro-section,,,,,TRUE,Consumable,,,,,,0,TVA due à 8.0% (Incl. TN),,,,,,,Unit(s),,,,,,,,,Testing parameters,Unit(s),3030,4030,,__setup__.company_mte
__setup__.product_1327,1327,Surface échantillon,Sample surface,,,,,TRUE,Consumable,,,,,,0,TVA due à 8.0% (Incl. TN),,,,,,,Unit(s),,,,,,,,,Testing parameters,Unit(s),3030,4030,,__setup__.company_mte
__setup__.product_1329,1329,Test condensation,Condensation test,,,,,TRUE,service,Create a task and track hours,Delivered quantities,,,,0,TVA due à 8.0% (Incl. TN),,,,,,,Unit(s),,,,,,,,,Laboratory test,Unit(s),3030,4030,,__setup__.company_mte
__setup__.product_1331,1331,Test Kubelka,Kubelka test,,,,,TRUE,service,Create a task and track hours,Delivered quantities,,,,350,TVA due à 8.0% (Incl. TN),,,,,,,Pieces,,,,,,,,,Laboratory test,Pieces,3040,4040,,__setup__.company_mte
__setup__.product_1332,1332,Tests d'usure,Wear test,,,,,TRUE,service,Create a task and track hours,Delivered quantities,,,,130,TVA due à 8.0% (Incl. TN),,,,,,,Pieces,,,,,,,,,Laboratory test,Pieces,3000,4000,,__setup__.company_mte
__setup__.product_1333,1333,Tests d'usure revêtement,Coating wear test,,,,,TRUE,service,Create a task and track hours,Delivered quantities,,,,150,TVA due à 8.0% (Incl. TN),,,,,,,Pieces,,,,,,,,,Laboratory test,Pieces,3000,4000,,__setup__.company_mte
__setup__.product_1320,1320,Stabilisateurs UV SVHC,#N/A,#N/A,,,,TRUE,service,Create a task and track hours,Delivered quantities,,TRUE,,130,TVA 0% exclue,,,,,,,molecule,,,,,,,,,Chemistry Analysis,molecule,3041,4041,,__setup__.company_mte
__setup__.product_1335,1335,Titre par coupellation,Cuppellation title,,,,,TRUE,service,,Delivered quantities,,,,140,TVA due à 8.0% (Incl. TN),,,,,,,Pieces,,,,,,,,,Saleable,Pieces,3040,4040,,__setup__.company_mte
__setup__.product_1336,1336,Titre(s) EDX,EDX title,,,,,TRUE,service,Create a task and track hours,Delivered quantities,,,,100,TVA due à 8.0% (Incl. TN),,,,,,,Pieces,,,,,,,,,Laboratory test,Pieces,3040,4040,,__setup__.company_mte
__setup__.product_1337,1337,Toutes les goupilles,All pins,,,,,TRUE,Consumable,,,,,,0,TVA due à 8.0% (Incl. TN),,,,,,,Unit(s),,,,,,,,,Testing parameters,Unit(s),3030,4030,,__setup__.company_mte
__setup__.product_1338,1338,Traction,Traction,,,,,TRUE,service,Create a task and track hours,Delivered quantities,,,,50,TVA due à 8.0% (Incl. TN),,,,,,,Pieces,,,,,,,,,Laboratory test,Pieces,3030,4030,,__setup__.company_mte
__setup__.product_1339,1339,Trichloréthylène,Trichloroethylene,,,,,TRUE,Consumable,,,,,,20,TVA due à 8.0% (Incl. TN),,,,,,,Unit(s),,,,,,,,,Testing parameters,Unit(s),3040,4030,,__setup__.company_mte
__setup__.product_1334,1334,TGIC / b-TGIC,#N/A,#N/A,,,,TRUE,service,Create a task and track hours,Delivered quantities,,TRUE,,130,TVA 0% exclue,,,,,,,molecule,,,,,,,,,Chemistry Analysis,molecule,3041,4041,,__setup__.company_mte
__setup__.product_1341,1341,Troisième choc : sur glace,Third shock : on glass,,,,,TRUE,Consumable,,,,,,15,TVA due à 8.0% (Incl. TN),,,,,,,Unit(s),,,,,,,,,Testing parameters,Unit(s),3030,4030,,__setup__.company_mte
__setup__.product_1342,1342,Usure / adhérence anti-reflets,Wear / adherence antireflective,,,,,TRUE,service,Create a task and track hours,Delivered quantities,,,,100,TVA due à 8.0% (Incl. TN),,,,,,,Pieces,,,,,,,,,Laboratory test,Pieces,3000,4000,,__setup__.company_mte
__setup__.product_1344,1344,Essai d'usure multidirectionnelle sur bracelet,Multidirectional wear,,,,,TRUE,service,Create a task and track hours,Delivered quantities,,,,150,TVA due à 8.0% (Incl. TN),,,,,,,Pieces,,,,,,,,,Laboratory test,Pieces,3030,4030,,__setup__.company_mte
__setup__.product_1345,1345,Vieillissement fonction poussoirs,Push-button wear,,,,,TRUE,service,Create a task and track hours,Delivered quantities,,,,170,TVA due à 8.0% (Incl. TN),,,,,,,Pieces,,,,,,,,,Laboratory test,Pieces,3000,4000,,__setup__.company_mte
__setup__.product_1346,1346,Essai d'usure en Turbula,Turbula wear,,,,,TRUE,service,Create a task and track hours,Delivered quantities,,,,150,TVA due à 8.0% (Incl. TN),,,,,,,Pieces,,,,,,,,,Laboratory test,Pieces,3000,4000,,__setup__.company_mte
__setup__.product_1347,1347,Vibrations,Vibrations,,,,,TRUE,service,Create a task and track hours,Delivered quantities,,,,30,TVA due à 8.0% (Incl. TN),,,,,,,Pieces,,,,,,,,,Laboratory test,Pieces,3000,4000,,__setup__.company_mte
__setup__.product_1348,1348,Vibrations basse fréquence,Low frequence vibrations,"Fréquence avec charge : 3 Hz, amplitude 40 mm.",,,,TRUE,service,Create a task and track hours,Delivered quantities,,,,60,TVA due à 8.0% (Incl. TN),,,,,,,Pieces,,,,,,,,,Laboratory test,Pieces,3000,4000,,__setup__.company_mte
__setup__.product_1340,1340,Trixylyl phosphate,#N/A,#N/A,,,,TRUE,service,Create a task and track hours,Delivered quantities,,TRUE,,130,TVA 0% exclue,,,,,,,molecule,,,,,,,,,Chemistry Analysis,molecule,3050,4041,,__setup__.company_mte
__setup__.product_1350,1350,Vitesse : 25 tr/min.,Speed : 25 tr/min.,,,,,TRUE,Consumable,,,,,,0,TVA due à 8.0% (Incl. TN),,,,,,,Unit(s),,,,,,,,,Testing parameters,Unit(s),3030,4030,,__setup__.company_mte
__setup__.product_1351,1351,Vitesse : 60 tr/min.,Speed : 60 tr/min.,,,,,TRUE,Consumable,,,,,,0,TVA due à 8.0% (Incl. TN),,,,,,,Unit(s),,,,,,,,,Testing parameters,Unit(s),3030,4030,,__setup__.company_mte
