id,ref,is_company,customer,supplier,title,name,street,street2,zip,city,country_id,phone,fax,comment,website,function,email,lang,company_id/id
scenario.res_partner_1,1,TRUE,,TRUE,,Abatech,Rue du marché 4,,2300,La Chaux-de-Fonds,CH,,,,,,,fr_FR,base.main_company
scenario.res_partner_2,2,TRUE,,TRUE,,Antalis SA,Rue de Veyrot 9,,1217,Meyrin 2,CH,,,,,,meyrin@antalis.ch,fr_FR,base.main_company
scenario.res_partner_3,3,TRUE,,TRUE,,ARGOR-ALJBA,Via F. Borromini 20,,6850,Mendrisio,CH,,,,,,,fr_FR,base.main_company
scenario.res_partner_4,4,TRUE,,TRUE,,B12 Communication,Rue des Terreaux 22,,2300,La Chaux-de-Fonds,CH,,,,,,,fr_FR,base.main_company
scenario.res_partner_5,5,TRUE,,TRUE,,Barbosa Sàrl,Rue Neuve 5,,2300,La Chaux-de-Fonds,CH,,,,,,,fr_FR,base.main_company
scenario.res_partner_6,6,TRUE,,TRUE,,Berberat-mobiles,L.-Robert 102,,2300,La Chaux-de-Fonds,CH,,,,,,info@berberat-mobiles.ch,fr_FR,base.main_company
scenario.res_partner_7,7,TRUE,,TRUE,,Bergeon,AV du Technicum,,2400,Le Locle,CH,,,,,,,fr_FR,base.main_company
scenario.res_partner_8,8,TRUE,,TRUE,,Bodycote site Gandrange,Zac de Brequette,,57175,Gandranges Zac de Brequette,FR,,,,,,,fr_FR,base.main_company
scenario.res_partner_11,11,TRUE,,TRUE,,Brieger Emballages,Rue de la Gare 3,,2108,Couvet,CH,,,,,,,fr_FR,base.main_company
scenario.res_partner_12,12,TRUE,,TRUE,,Caisse cantonale neuchâteloise d'assurance-chômage,av. Léoplod-Robert 11a_x000D_,,2300,La Chaux-de-Fonds,CH,,,,,,,fr_FR,base.main_company
scenario.res_partner_13,13,TRUE,,TRUE,,Caisse cantonale neuchâteloise de compensation,Fbg de l'hôpital,,2001,Neuchâtel 1,CH,,,,,,,fr_FR,base.main_company
scenario.res_partner_14,14,TRUE,,TRUE,,Carrosserie des Grandes-Crosettes SA,Grandes-Crosettes 10a,,2300,La Chaux-de-Fonds,CH,,,,,,,fr_FR,base.main_company
scenario.res_partner_15,15,TRUE,,TRUE,,CDF emballage SA,Rue de la Charrière 80,,2300,La Chaux-de-Fonds,CH,,,,,,,fr_FR,base.main_company
scenario.res_partner_16,16,TRUE,,TRUE,,Cendror Récupération SA,Rue Fritz-Courvoisier 91,,2303,La Chaux-de-Fonds,CH,,,,,,info@cendror.ch,fr_FR,base.main_company
scenario.res_partner_17,17,TRUE,,TRUE,,Centre Patronal,Route du Lac 2,,1001,Lausanne,CH,,,,,,,fr_FR,base.main_company
scenario.res_partner_18,18,TRUE,,TRUE,,Cifc-ne (Formation commerciale),Rue Jardinière 69,,2300,La Chaux-de-Fonds,CH,,,,,,info@cifc-ne.ch,fr_FR,base.main_company
scenario.res_partner_19,19,TRUE,,TRUE,,Comité Suisse pour l'UNICEF,Baumackerstrasse 24,,8050,Zürich,CH,,,,,,info@unicef.ch,fr_FR,base.main_company
scenario.res_partner_20,20,TRUE,,TRUE,,Compagnie d'Assurance Nationale Suisse,Rur Jardinière 71,,2300,La Chaux-de-Fonds,CH,,,,,,info@nationalesuisse.ch,fr_FR,base.main_company
scenario.res_partner_21,21,TRUE,,TRUE,,Cronal SA,rue des Tilleuls 6,,2300,La Chaux-de-Fonds,CH,,,,,,,fr_FR,base.main_company
scenario.res_partner_22,22,TRUE,,TRUE,,Département de la justie et de la sécurité,Rue du Musée 1,,2001,Neuchâtel 1,CH,,,,,,,fr_FR,base.main_company
scenario.res_partner_23,23,TRUE,,TRUE,,Die schweizerische Post,Ostermundigenstrasse 91,,3030,Bern,CH,,,,,,stamps@post.ch,fr_FR,base.main_company
scenario.res_partner_24,24,TRUE,,TRUE,,Distrelec,Grabenstr 6,,8606,Nänikon,CH,,,,,,,fr_FR,base.main_company
scenario.res_partner_25,25,TRUE,,TRUE,,DPD AG,Mülibachstrasse 41,,8107,Buchs ZH,CH,,,,,,,fr_FR,base.main_company
scenario.res_partner_26,26,TRUE,,TRUE,,"EGN, Démenagement Transport",Chemin de Gratte Semelle 29,,2000,Neuchâtel,CH,,,,,,info@egn-ne.com,fr_FR,base.main_company
scenario.res_partner_27,27,TRUE,,TRUE,,Eigenmann Expo SA,Ch. De la Rueyre 91,,1008,Jouxtens-Mézery,CH,,,,,,,fr_FR,base.main_company
scenario.res_partner_28,28,TRUE,,TRUE,,Eposint,Eposint_x000D_ Fabrickstresse 15,,8505,Pfyn (TG),CH,,,,,,,fr_FR,base.main_company
scenario.res_partner_30,30,TRUE,,TRUE,,Espace & Location,Av. Léopold-Robert 67,,2300,La Chaux-de-Fonds,CH,,,,,,,fr_FR,base.main_company
scenario.res_partner_31,31,TRUE,,TRUE,,Etude ENGEL - CHOFFAT - L'HERITIER,Rue Daniel-Jeanrichard 28,,2300,La Chaux-de-Fonds,CH,,,,,,,fr_FR,base.main_company
scenario.res_partner_32,32,TRUE,,TRUE,,Expanite A/S,Industrivaenget 34,,3400,Hillerod,DK,,,,,,tsa@expanite.com,fr_FR,base.main_company
scenario.res_partner_33,33,TRUE,,TRUE,,FIDUCIAIRE LUCIEN LEITENBERG SA,Avenue Léopold Robert 75,,2301,La Chaux-de-Fonds,CH,,,,,,,fr_FR,base.main_company
scenario.res_partner_35,35,TRUE,,TRUE,,Finishing SA,Rue de la fusion 45,,2300,La Chaux-de-Fds 1,CH,,,,,,,fr_FR,base.main_company
scenario.res_partner_36,36,TRUE,,TRUE,,GalvaMat Technologie SA,Alexis-Marie-Piaget 73,,2303,La Chaux-de-Fonds,CH,,,,,,info@galvamat.ch,fr_FR,base.main_company
scenario.res_partner_37,37,TRUE,,TRUE,,"Guth éléctricité, téléphone, alarme",Grand-rue 53,,2035,Corcelles,CH,,,,,,,fr_FR,base.main_company
scenario.res_partner_38,38,TRUE,,TRUE,,Helvetia Compagnie d'assurances,Case Postale 2476,,2001,Neuchâtel 1,CH,,,,,,,fr_FR,base.main_company
scenario.res_partner_39,39,TRUE,,TRUE,,"Helvetia Compagnie Suisse d'Assurances SA, St Gall",St. Alban-Anlage 26,,9001,St. Gallen,CH,,,,,,,fr_FR,base.main_company
scenario.res_partner_40,40,TRUE,,TRUE,,HOROTEC SA,Av. Léopold-Robert 105b,,2301,La Chaux-de-Fonds,CH,,,,,,swiss@horotec.ch,fr_FR,base.main_company
scenario.res_partner_41,41,TRUE,,TRUE,,IDD & Engineering Sàrl,Rue des Envers 47,,2400,Le Locle,CH,,,,,,,fr_FR,base.main_company
scenario.res_partner_42,42,TRUE,,TRUE,,IHI Ionbond AG,Industriestrasse 9,,4657,Dulliken,CH,,,,,,,fr_FR,base.main_company
scenario.res_partner_46,46,TRUE,,TRUE,,Informatique JMB,"Comble-Emine 1, Case postale 127",,2053,Cernier,CH,,,,,,,fr_FR,base.main_company
scenario.res_partner_47,47,TRUE,,TRUE,,Jacot Chocolatier,Rue du Pont 5,,2103,Noiraigue,CH,,,,,,,fr_FR,base.main_company
scenario.res_partner_48,48,TRUE,,TRUE,,Kaiser+Kraft AG,Erlenweg 8,,6300,Zug,CH,,,,,,,fr_FR,base.main_company
scenario.res_partner_49,49,TRUE,,TRUE,,Kaufmann & Fils SA,"Rue de la Pâquerette 24, Case Postale 2146",,2300,La Chaux-de-Fonds,CH,,,,,,,fr_FR,base.main_company
scenario.res_partner_50,50,TRUE,,TRUE,,Kaufmann Sàrl,Bvd. des Endroits 82,,2300,La Chaux-de-Fonds,CH,,,,,,,fr_FR,base.main_company
scenario.res_partner_51,51,TRUE,,TRUE,,L.A.C Engineering,Ch. du Pont-du-Centenaire 109,,1228,Plan-les-Ouates.,CH,,,,,,lac@lac-labo.ch,fr_FR,base.main_company
scenario.res_partner_52,52,TRUE,,TRUE,,La Fusion SA,Daniel-Jeanrichard 39,,2300,La Chaux-de-Fonds,CH,,,,,,,fr_FR,base.main_company
scenario.res_partner_53,53,TRUE,,TRUE,,Laboratoire Dubois SA,A.-M.-Piaget 50,,2300,La Chaux-de-Fonds,CH,,,,,,,fr_FR,base.main_company
scenario.res_partner_54,54,TRUE,,TRUE,,Lagger Olivier Plâtrerie Peinture,Repos 17,,2300,La Chaux-de-Fonds,CH,,,,,,,fr_FR,base.main_company
scenario.res_partner_55,55,TRUE,,TRUE,,Laser Automation,Louis Joseph Chevrolet,,2300,La Chaux-de-Fonds,CH,,,,,,,fr_FR,base.main_company
scenario.res_partner_56,56,TRUE,,TRUE,,Marquages publicitaires Verdon SA,Président-Wilson 5,,2301,La Chaux-de-Fonds,CH,,,,,,,fr_FR,base.main_company
scenario.res_partner_57,57,TRUE,,TRUE,,MAT-CUT SA,Rue de l'Hôtel-de-Ville 107,,2302,La Chaux-de-Fonds,CH,,,,,,info@mat-cut.com,fr_FR,base.main_company
scenario.res_partner_58,58,TRUE,,TRUE,,Media+Marketing,Grand-Rue 18,,2036,Cormondrèche,CH,,,,,,media.marketing@bluewin.ch,fr_FR,base.main_company
scenario.res_partner_59,59,TRUE,,TRUE,,Menuiserie Kaufmann SA,Les Reprises 16,,2300,La Cibourg,CH,,,,,,,fr_FR,base.main_company
scenario.res_partner_60,60,TRUE,,TRUE,,Metallo-Tests SA,Rue du Pont 12 A,,2300,La Chaux-de-Fonds,CH,,,,,,,fr_FR,base.main_company
scenario.res_partner_61,61,TRUE,,TRUE,,MHM Polissage Sarl,Rue de la Serre 89,,2300,La Chaux-de-Fonds,CH,,,,,,info@mhm-polissage.ch,fr_FR,base.main_company
scenario.res_partner_62,62,TRUE,,TRUE,,Nestlé Nespresso S.A.,Route du Lac 3,,1094,Paudex,CH,,,,,,,fr_FR,base.main_company
scenario.res_partner_63,63,TRUE,,TRUE,,Odoo S.A.,Chaussée de Naumur 40,,1367,Grand-Rosière,CH,,,,,,,fr_FR,base.main_company
scenario.res_partner_64,64,TRUE,,TRUE,,Oerlikon Balzers AG,Postfach 77,,9477,Trübbach,CH,,,,,,,fr_FR,base.main_company
scenario.res_partner_65,65,TRUE,,TRUE,,"Office de perception, Impots",Rue du Musée 1,,2001,Neuchâtel 1,CH,,,,,,,fr_FR,base.main_company
scenario.res_partner_66,66,TRUE,,TRUE,,Office des Poursuites,AV. léopold-Robert 63,,2301,La Chaux-de-Fonds,CH,,,,,,,fr_FR,base.main_company
scenario.res_partner_67,67,TRUE,,TRUE,,Office régional d'orientation scolaire et professionnelle,Rue du Parc 53,,2300,La Chaux-de-Fonds,CH,,,,,,,fr_FR,base.main_company
scenario.res_partner_68,68,TRUE,,TRUE,,ORION Assurance protection Juridique SA,Centralbahnstrasse 11,,4002,Basel,CH,,,,,,,fr_FR,base.main_company
scenario.res_partner_69,69,TRUE,,TRUE,,Palexpo SA,CP 112,,1218,Le Grand-Saconnex,CH,,,,,,,fr_FR,base.main_company
scenario.res_partner_70,70,TRUE,,TRUE,,Papeterie Papyrus sàrl,"Daniel-JeanRichard 21, Case postale 1127",,2301,La Chaux-de-Fonds,CH,,,,,,papeterie.papyrus@sunrise.ch,fr_FR,base.main_company
scenario.res_partner_71,71,TRUE,,TRUE,,Paul Hofer,Général-Dufour 4,,2300,La Chaux-de-Fonds,CH,,,,,,,fr_FR,base.main_company
scenario.res_partner_72,72,TRUE,,TRUE,,Pharmacie de la Gare,"4, Place de la Gare",,2300,La Chaux-de-Fonds,CH,,,,,,,fr_FR,base.main_company
scenario.res_partner_73,73,TRUE,,TRUE,,Photo 2000,"61, rue du Bois-Noir",,2304,La Chaux-de-Fonds,CH,,,,,,,fr_FR,base.main_company
scenario.res_partner_74,74,TRUE,,TRUE,,Positive Coating SA,Eplatures Grise 17,,2300,La Chaux-de-Fonds,CH,,,,,,,fr_FR,base.main_company
scenario.res_partner_75,75,TRUE,,TRUE,,Poste CH SA,Wankdorfallee 4,,3030,Berne,CH,,,,,,,fr_FR,base.main_company
scenario.res_partner_76,76,TRUE,,TRUE,,Pressel AG,Neugrütstrasse 3,,9430,St. Margrethen SG,CH,,,,,,,fr_FR,base.main_company
scenario.res_partner_77,77,TRUE,,TRUE,,Publicitas SA,Rue Neuve 14,,2302,La Chaux-de-Fonds,CH,,,,,,,fr_FR,base.main_company
scenario.res_partner_78,78,TRUE,,TRUE,,Publigraph,Rue de Bel-Air 15,,2300,La Chaux-de-Fonds,CH,,,,,,,fr_FR,base.main_company
scenario.res_partner_79,79,TRUE,,TRUE,,QuerTech,"9, rue de la girafe",,14000,Caen,FR,,,,,,,fr_FR,base.main_company
scenario.res_partner_80,80,TRUE,,TRUE,,Registre du commerce,Rue du musée 1,,2001,Neuchâtel 1,CH,,,,,,,fr_FR,base.main_company
scenario.res_partner_81,81,TRUE,,TRUE,,Salvat'or Sàrl,Rue du Parc 3,,2400,Locle,CH,,,,,,salvator.natoli@bluewin.ch,fr_FR,base.main_company
scenario.res_partner_82,82,TRUE,,TRUE,,Scan,Louis-Joseph-Chevreolet 55,,2300,La Chaux-de-Fonds,CH,,,,,,scan.compta@ne.ch,fr_FR,base.main_company
scenario.res_partner_83,83,TRUE,,TRUE,,Schäfer shop,Dünnerstrasse 30,,4702,Oensingen,CH,,,,,,info@schafer-shop.ch,fr_FR,base.main_company
scenario.res_partner_84,84,TRUE,,TRUE,,Schäfer-Wereartikel,Rittmeyerstrasse 13,,9014,St. Gallen,CH,,,,,,,fr_FR,base.main_company
scenario.res_partner_85,85,TRUE,,TRUE,,Schenker Schweiz AG,Rautistrasse 77,,8021,Zürich,CH,,,,,,Marisa.ansermot@dbschenker.com,fr_FR,base.main_company
scenario.res_partner_86,86,TRUE,,TRUE,,Service Cantonale des automobiles,Faubourg de l'Hôpital 65,,2002,Neuchâtel 2,CH,,,,,,,fr_FR,base.main_company
scenario.res_partner_87,87,TRUE,,TRUE,,Service des contributions Impôt à la source,Rue du Dr Coullery 5,,2301,La Chaux-de-Fonds,CH,,,,,,,fr_FR,base.main_company
scenario.res_partner_88,88,TRUE,,TRUE,,Service des formations,Espacité 1,,2300,La Chaux-de-Fonds,CH,,,,,,,fr_FR,base.main_company
scenario.res_partner_89,89,TRUE,,TRUE,,Service du domaine Public Ville de la Chaux-de-Fonds,Place de l'Hôtel de ville 1,,2300,La Chaux-de-Fonds,CH,,,,,,,fr_FR,base.main_company
scenario.res_partner_90,90,TRUE,,TRUE,,SNP Société Neuchâteloise de Presse SA,Rue Neuve 14,,2302,La Chaux-de-Fonds,CH,,,,,,clientele@limpartial.ch,fr_FR,base.main_company
scenario.res_partner_91,91,TRUE,,TRUE,,Solutions Elastomères,"10, rue Ferdinand",,42000,SAINT-ETIENNE,FR,,,,,,contact@solutions-elastomeres.com,fr_FR,base.main_company
scenario.res_partner_92,92,TRUE,,TRUE,,Soprintel SA,Av. Léopold-Robert 23-25,,2300,La Chaux-de-Fonds,CH,,,,,,info@soprintel,fr_FR,base.main_company
scenario.res_partner_93,93,TRUE,,TRUE,,"Stengel Daniel, Rénovation et entretien",Rue Jaquet-Droz 26,,2300,La Chaux-de-Fonds,CH,,,,,,,fr_FR,base.main_company
scenario.res_partner_94,94,TRUE,,TRUE,,Studio 444 Imprimerie,Bd des Eplatures 21,,2300,La Chaux-de-Fonds,CH,,,,,,,fr_FR,base.main_company
scenario.res_partner_95,95,TRUE,,TRUE,,Surcotec,Chemin du Pont-du-Centenaire 109A,,1228,Genève,CH,,,,,,sales@surcotec.ch,fr_FR,base.main_company
scenario.res_partner_96,96,TRUE,,TRUE,,SUVA,Avenue Léopold-Robert 25,,2301,La Chaux-de-Fonds,CH,,,,,,,fr_FR,base.main_company
scenario.res_partner_97,97,TRUE,,TRUE,,SWISSCANTO,Rue du Concert 6,,2000,Neuchâtel,CH,,,,,,,fr_FR,base.main_company
scenario.res_partner_98,98,TRUE,,TRUE,,Swisscom (Suisse) SA,Alte Tiefenaustrasse 6,,3050,Bern,CH,,,,,,fixnet.contactcenter@swisscom.com,fr_FR,base.main_company
scenario.res_partner_99,99,TRUE,,TRUE,,Switchplus ag,"Werdstrasse 2, P.O Box",,8021,Zürich,CH,,,,,,helpdesk@nic.ch,fr_FR,base.main_company
scenario.res_partner_100,100,TRUE,,TRUE,,Temis Hbjo,Zone Industrielle,,25870,Devecey,FR,,,,,,,fr_FR,base.main_company
scenario.res_partner_101,101,TRUE,,TRUE,,TNT Swiss Post SA,Aérogare Fret_x000D_ Case Postale 1111,,1211,Genève 5,CH,,,,,,,fr_FR,base.main_company
scenario.res_partner_102,102,TRUE,,TRUE,,Toulfer SA,place de L'Hôtel-de-Ville,,2302,La Chaux-de-Fonds,CH,,,,,,info@toulfer.ch,fr_FR,base.main_company
scenario.res_partner_103,103,TRUE,,TRUE,,TREMAIL Logistics SA,Rue de France 85a,,2400,le Locle,CH,,,,,,,fr_FR,base.main_company
scenario.res_partner_104,104,TRUE,,TRUE,,VACOR AG,Postfach 52,,9477,Trübbach,CH,,,,,,,fr_FR,base.main_company
scenario.res_partner_105,105,TRUE,,TRUE,,"Viking direckt, Office Depot GmbH",Sägwstrasse 50,,5600,Lenzburg,CH,,,,,,,fr_FR,base.main_company
scenario.res_partner_106,106,TRUE,,TRUE,,Ville de la Chaux-de-Fonds,Rue du Rocher 1,,2300,La Chaux-de-Fonds,CH,,,,,,,fr_FR,base.main_company
scenario.res_partner_107,107,TRUE,,TRUE,,Ville de la Chaux-de-Fonds Travaux Publiques,Rue de Léopold-Robert 3,,2300,La Chaux-de-Fonds,CH,,,,,,,fr_FR,base.main_company
scenario.res_partner_108,108,TRUE,,TRUE,,Viseca CardServices SA,Europa-Strasse 18,,8152,Glattbrugg,CH,,,,,,,fr_FR,base.main_company
scenario.res_partner_109,109,TRUE,,TRUE,,VITEOS,Rue du Collège 30,,2301,La Chaux-de-Fonds,CH,,,,,,sim.sa.facturationne.ch,fr_FR,base.main_company
scenario.res_partner_110,110,TRUE,,TRUE,,Vitrerie Jost,Rue des Champs 24,,2300,La Chaux-de-Fonds,CH,,,,,,,fr_FR,base.main_company
scenario.res_partner_1001,1001,TRUE,TRUE,,,Adriano Valente,Grand-Rue 3,,1820,Montreux,CH,,,,,,,fr_FR,base.main_company
scenario.res_partner_1002,1002,TRUE,TRUE,,,Agenhor S.A,Emma-Kammacher 6,,1217,Meyrin 2,CH,,,,,,,fr_FR,base.main_company
scenario.res_partner_1007,1007,TRUE,TRUE,,,Antopi SA,Rue de Jérusalem 9,,2300,La Chaux-de-Fonds,CH,,,,,,,fr_FR,base.main_company
scenario.res_partner_1012,1012,TRUE,TRUE,,,Argor-Aljba,Via F. Borromini 20,,6850,Mendrisio,CH,,,,,,,fr_FR,base.main_company
scenario.res_partner_1013,1013,TRUE,TRUE,,,Argor-Heraeus SA,Via Moree 14,,6850,Mendrisio,CH,,,,,,,fr_FR,base.main_company
scenario.res_partner_1014,1014,TRUE,TRUE,,,Audemars Piguet (Renaud & Papi) SA,Rue James Pellaton 2,,2400,Le Locle,CH,,,,,,,fr_FR,base.main_company
scenario.res_partner_1016,1016,TRUE,TRUE,,,Audemars Piguet Manufactures,Route de la France 16,,1348,Le Brassus,CH,,,,,,,fr_FR,base.main_company
scenario.res_partner_1026,1026,TRUE,TRUE,,,Audemars Piguet SA,Route de France 16,,1348,Le Brassus,CH,,,,,,,fr_FR,base.main_company
scenario.res_partner_1027,1027,TRUE,TRUE,,,Balmain Montres SA,Rue des Noyettes 8,,2610,St-Imier,CH,,,,,,,fr_FR,base.main_company
scenario.res_partner_1028,1028,TRUE,TRUE,,,"Baume & Mercier, Branch of Richemont International SA",Chemin de la Chênaie 50,,1293,Bellevue,CH,,,,,,,fr_FR,base.main_company
scenario.res_partner_1035,1035,TRUE,TRUE,,,BC Techologies SA,Route Jambe du commun 16,,2400,Le Locle,CH,,,,,,,fr_FR,base.main_company
scenario.res_partner_1036,1036,TRUE,TRUE,,,Beauregard Manufacture SA,Rue Fritz Courvoisier 103-15,,2300,La Chaux-de-Fonds,CH,,,,,,,fr_FR,base.main_company
scenario.res_partner_1040,1040,TRUE,TRUE,,,Blancpain SA,Rue G.-H. Piguet 17,,1347,Le Sentier,CH,,,,,,,fr_FR,base.main_company
scenario.res_partner_1045,1045,TRUE,TRUE,,,BM SA,Allée du Quartz 9,,2300,La Chaux-de-Fonds,CH,,,,,,,fr_FR,base.main_company
scenario.res_partner_1046,1046,TRUE,TRUE,,,Boninchi SA,Chemin de Maisonneuve 14,,1219,Genève,CH,,,,,,,fr_FR,base.main_company
scenario.res_partner_1047,1047,TRUE,TRUE,,,Boucheron International,26 Place Vendôme,,75001,Paris,FR,,,,,,,fr_FR,base.main_company
scenario.res_partner_1049,1049,TRUE,TRUE,,,Boucledor SA,Rue Emma-Kammacher 12,,1217,Meyrin,CH,,,,,,,fr_FR,base.main_company
scenario.res_partner_1051,1051,TRUE,TRUE,,,Bovet SA,"Le Château, CP 36",,2112,Môtiers NE,CH,,,,,,,fr_FR,base.main_company
scenario.res_partner_1052,1052,TRUE,TRUE,,,Brademont SAS,11 Rue du Bief,,25500,Morteau,FR,,,,,,,fr_FR,base.main_company
scenario.res_partner_1053,1053,TRUE,TRUE,,,Brasport SA,Rue Stavay-Mollondin 9,,2300,La Chaux-de-Fonds,CH,,,,,,,fr_FR,base.main_company
scenario.res_partner_1054,1054,TRUE,TRUE,,,Breguet SA,Crêt du Locle 12C,,2322,Crêt du Locle,CH,,,,,,,fr_FR,base.main_company
scenario.res_partner_1055,1055,TRUE,TRUE,,,Breitling Chronométrie SA,Allée du Laser 10,,2306,La Chaux-de-Fonds,CH,,,,,,,fr_FR,base.main_company
scenario.res_partner_1057,1057,TRUE,TRUE,,,Breitling SA,Allée du Laser 10,,2306,La Chaux-de-Fonds,CH,,,,,,,fr_FR,base.main_company
scenario.res_partner_1064,1064,TRUE,TRUE,,,Brogioli SA,Via Cantonale 91,,6996,Ponte Cremenaga,CH,,,,,,,fr_FR,base.main_company
scenario.res_partner_1065,1065,TRUE,TRUE,,,Bucherer Montres S.A,Gewerbestrasse 1,,2543,Lengnau,CH,,,,,,,fr_FR,base.main_company
scenario.res_partner_1066,1066,TRUE,TRUE,,,Bulgari global operations SA,Rue de Monruz 34,,2000,Neuchâtel,CH,,,,,,,fr_FR,base.main_company
scenario.res_partner_1074,1074,TRUE,TRUE,,,Bulgari Horlogerie SA,Chemin des Labours 5,,2350,Saignelégier,CH,,,,,,,fr_FR,base.main_company
scenario.res_partner_1088,1088,TRUE,TRUE,,,Bulgari Horlogerie SA (Prestige d'Or SA),Chemin des Labours 5,,2350,Saignelégier,CH,,,,,,,fr_FR,base.main_company
scenario.res_partner_1089,1089,TRUE,TRUE,,,"Bulgari Horlogerie SA, Département Fournisseurs AP",Rue de Monruz 34,,2000,Neuchâtel,CH,,,,,,,fr_FR,base.main_company
scenario.res_partner_1090,1090,TRUE,TRUE,,,"BULGARI Horlogerie SA, Manufacture boîtiers",Chemin des Labours 5,,2350,Saignelégier,CH,,,,,,,fr_FR,base.main_company
scenario.res_partner_1091,1091,TRUE,TRUE,,,Bulgari Parfums SA,Rue de Monruz 34,,2000,Neuchâtel,CH,,,,,,,fr_FR,base.main_company
scenario.res_partner_1092,1092,TRUE,TRUE,,,BVI Automation SA,Rue Fritz-Courvoisier 103,,2300,La Chaux-de-Fonds,CH,,,,,,,fr_FR,base.main_company
scenario.res_partner_1093,1093,TRUE,TRUE,,,Calvin Klein Ldt,"Rue du Viaduc 30, P.O. Box",,2501,Bienne,CH,,,,,,,fr_FR,base.main_company
scenario.res_partner_1095,1095,TRUE,TRUE,,,Camptocamp SA,"EPFL Innovation Park, Bâtiment A",,1015,Lausanne,CH,,,,,,,fr_FR,base.main_company
scenario.res_partner_1096,1096,TRUE,TRUE,,,Capsa Camille Piquerez SA,Chemin des Oeuchettes 5,,2520,La Neuveville,CH,,,,,,,fr_FR,base.main_company
scenario.res_partner_1100,1100,TRUE,TRUE,,,Cartier Manufacture SA,Bd. du Marchal 21 bis,,94345,Joinville-Le-Pont,FR,,,,,,,fr_FR,base.main_company
scenario.res_partner_1102,1102,TRUE,TRUE,,,Centagora Sàrl,Rue des prélets 22A,,2206,Les Geneveys-sur-Coffrane,CH,,,,,,,fr_FR,base.main_company
scenario.res_partner_1103,1103,TRUE,TRUE,,,Ceramaret SA,Rue des Croix 43,,2014,Bôle,CH,,,,,,,fr_FR,base.main_company
scenario.res_partner_1104,1104,TRUE,TRUE,,,Cetehor,"39 avenue de l'Obsrevatoire,",,25003,Besançon CEDEX,FR,,,,,,,fr_FR,base.main_company
scenario.res_partner_1105,1105,TRUE,TRUE,,,Charles-Edouard,Avenue de Corsier 4,,1800,Vevey,CH,,,,,,,fr_FR,base.main_company
scenario.res_partner_1106,1106,TRUE,TRUE,,,Châtelain G & F SA,Allée du Laser 18,,2300,La Chaux-de-Fonds,CH,,,,,,,fr_FR,base.main_company
scenario.res_partner_1122,1122,TRUE,TRUE,,,Chaumet International SA,"12, Place Vendôme",,75001,Paris,FR,,,,,,,fr_FR,base.main_company
scenario.res_partner_1123,1123,TRUE,TRUE,,,Cheval Frères SA,"27, Rue des Bosquets",,25480,Ecole-Valentin,FR,,,,,,,fr_FR,base.main_company
scenario.res_partner_1127,1127,TRUE,TRUE,,,Chopard & Cie SA,Rue de Veyrot 8,,1217,Meyrin 2,CH,,,,,,,fr_FR,base.main_company
scenario.res_partner_1136,1136,TRUE,TRUE,,,Chopard Technologies SA,Rue des Moulins 20,,2114,Fleurier,CH,,,,,,,fr_FR,base.main_company
scenario.res_partner_1137,1137,TRUE,TRUE,,,Christen Galvano AG,Rte de Port 20,,2503,Bienne,CH,,,,,,,fr_FR,base.main_company
scenario.res_partner_1138,1138,TRUE,TRUE,,,Christian Dior SA,"11, Rue François 1er",,75008,Paris,FR,,,,,,,fr_FR,base.main_company
scenario.res_partner_1139,1139,TRUE,TRUE,,,Christophe Claret SA,Le Soleil d'Or,,2400,Le Locle,CH,,,,,,,fr_FR,base.main_company
scenario.res_partner_1140,1140,TRUE,TRUE,,,Chronode SA,Rue de France 55,,2400,Le Locle,CH,,,,,,,fr_FR,base.main_company
scenario.res_partner_1141,1141,TRUE,TRUE,,,CK Watch & Jewelry Co. Ltd,Rue d'Aarberg 107A,,2501,Bienne,CH,,,,,,,fr_FR,base.main_company
scenario.res_partner_1142,1142,TRUE,TRUE,,,CMT Rickenbach SA,Boulevard de la Liberté 59-61,,2300,La Chaux-de-Fonds,CH,,,,,,,fr_FR,base.main_company
scenario.res_partner_1145,1145,TRUE,TRUE,,,Comadur SA,Col-des-Roches 33,,2400,Le Locle,CH,,,,,,,fr_FR,base.main_company
scenario.res_partner_1146,1146,TRUE,TRUE,,,CompliTime SA,Eplatures-Grise 16,,2301,La Chaux-de-Fonds,CH,,,,,,,fr_FR,base.main_company
scenario.res_partner_1147,1147,TRUE,TRUE,,,Cornu & Cie SA,Stavay-Mollondin 17,,2301,La Chaux-de-Fonds,CH,,,,,,,fr_FR,base.main_company
scenario.res_partner_1153,1153,TRUE,TRUE,,,DBMF Sàrl,Rue Des Diamants 11,,2500,Bienne 3,CH,,,,,,,fr_FR,base.main_company
scenario.res_partner_1154,1154,TRUE,TRUE,,,Décovi SA,Z.I La Romaine 2,,2824,Vicques,CH,,,,,,,fr_FR,base.main_company
scenario.res_partner_1156,1156,TRUE,TRUE,,,Detech SA,Sous-la-Velle 9,,2340,Le Noirmont,CH,,,,,,,fr_FR,base.main_company
scenario.res_partner_1158,1158,TRUE,TRUE,,,Dexel SA,Rue J. Stämpfli 4,,2500,Bienne,CH,,,,,,,fr_FR,base.main_company
scenario.res_partner_1162,1162,TRUE,TRUE,,,Dimier 1738 Manufacture Horlogère Artisanale SA,Rue Champ-Fleuri 27,,2720,Tramelan,CH,,,,,,,fr_FR,base.main_company
scenario.res_partner_1163,1163,TRUE,TRUE,,,Dominique Renaud SA,Chemin du Closel 5,,1020,Renens,CH,,,,,,,fr_FR,base.main_company
scenario.res_partner_1164,1164,TRUE,TRUE,,,"Donzé-Baume, Branch of Richemont International SA",Rue du Succès 20,,2345,Les Breuleux,CH,,,,,,,fr_FR,base.main_company
scenario.res_partner_1176,1176,TRUE,TRUE,,,Dreifuss & Partners AG,Tödistrasse 48,,8002,Zürich,CH,,,,,,,fr_FR,base.main_company
scenario.res_partner_1177,1177,TRUE,TRUE,,,Dress your Body SA,Avenue de Beauregard 12,,2036,Cormondrèche,CH,,,,,,,fr_FR,base.main_company
scenario.res_partner_1179,1179,TRUE,TRUE,,,Du Val Des Bois Sàrl,Rue du Village 24,,1347,Le Solliat,CH,,,,,,,fr_FR,base.main_company
scenario.res_partner_1180,1180,TRUE,TRUE,,,Dubey & Schaldenbrand SA,Rue du Pont 14,,2300,La Chaux-de-Fonds,CH,,,,,,,fr_FR,base.main_company
scenario.res_partner_1181,1181,TRUE,TRUE,,,Dumont SA,Rue Théodore Dumont 1,,2924,Montignez,CH,,,,,,,fr_FR,base.main_company
scenario.res_partner_1182,1182,TRUE,TRUE,,,Ebauches Micromécanique Precitrame SA,Combe-Aubert 3,,2720,Tramelan,CH,,,,,,,fr_FR,base.main_company
scenario.res_partner_1183,1183,TRUE,TRUE,,,Eberhard & Co.,Riva Paradiso 12,,6900,Lugano,CH,,,,,,,fr_FR,base.main_company
scenario.res_partner_1184,1184,TRUE,TRUE,,,Ellicott SA,Rue Numa-Droz 146,,2301,La Chaux-de-Fonds,CH,,,,,,,fr_FR,base.main_company
scenario.res_partner_1185,1185,TRUE,TRUE,,,Erbas SA,Via Borromini 18,,6850,Mendrisio-Stazione,CH,,,,,,,fr_FR,base.main_company
scenario.res_partner_1187,1187,TRUE,TRUE,,,Espace & Habitat SA,Avenue Léopold-Robert 67,,2300,La Chaux-de-Fonds,CH,,,,,,,fr_FR,base.main_company
scenario.res_partner_1190,1190,TRUE,TRUE,,,ETA SA Manufacture Horlogère Suisse,Schild-Rust-Strasse 17,,2540,Grenchen,CH,,,,,,,fr_FR,base.main_company
scenario.res_partner_1209,1209,TRUE,TRUE,,,Fleury SA,Rue des Granges 11,,2500,Bienne,CH,,,,,,,fr_FR,base.main_company
scenario.res_partner_1210,1210,TRUE,TRUE,,,G&C Partners AG,Rue de la Paix 101,,2300,La Chaux-de-fonds,CH,,,,,,,fr_FR,base.main_company
scenario.res_partner_1211,1211,TRUE,TRUE,,,Gaggione S.A.S,"3, rue de la Rolland",,1460,Montreal la Cluse,FR,,,,,,,fr_FR,base.main_company
scenario.res_partner_1212,1212,TRUE,TRUE,,,Gil Sertissage SA,Rue du Pont 14,,2300,La Chaux-de-Fonds,CH,,,,,,,fr_FR,base.main_company
scenario.res_partner_1213,1213,TRUE,TRUE,,,Girard-Perregaux/ Sowind SA,Place Girardet 1,,2300,La Chaux-de-Fonds,CH,,,,,,,fr_FR,base.main_company
scenario.res_partner_1214,1214,TRUE,TRUE,,,Goldec SA,Des Ormes 22,,2300,La Chaux-de-Fonds,CH,,,,,,,fr_FR,base.main_company
scenario.res_partner_1216,1216,TRUE,TRUE,,,Graham SA,Boulevard des Eplatures 38,,2300,La Chaux-de-Fonds,CH,,,,,,,fr_FR,base.main_company
scenario.res_partner_1217,1217,TRUE,TRUE,,,Greubel Forsey SA,Eplatures-Grise 16,,2301,La Chaux-de-Fonds,CH,,,,,,,fr_FR,base.main_company
scenario.res_partner_1222,1222,TRUE,TRUE,,,Gucci Luxury Timepieces International SA,Chemin des Rochettes 2,,2016,Cortaillod,CH,,,,,,,fr_FR,base.main_company
scenario.res_partner_1224,1224,TRUE,TRUE,,,Guenat SA montres Valgine,Rue du Jura 11,,2345,Les Breuleux,CH,,,,,,,fr_FR,base.main_company
scenario.res_partner_1225,1225,TRUE,TRUE,,,Guillod Gunther SA,Rue du Douds 83,,2300,La Chaux-de-Fonds,CH,,,,,,,fr_FR,base.main_company
scenario.res_partner_1226,1226,TRUE,TRUE,,,Hamilton International Ltd,Mattenstrasse 149,,2501,Bienne,CH,,,,,,,fr_FR,base.main_company
scenario.res_partner_1230,1230,TRUE,TRUE,,,Harry Winston SA,"Chemin du Tourbillon 8, CP 159",,1228,Plan-les-Ouates,CH,,,,,,,fr_FR,base.main_company
scenario.res_partner_1232,1232,TRUE,TRUE,,,Heraeus Materials SA,Avenue des Sciences 2,,1400,Yverdon-les-Bains,CH,,,,,,,fr_FR,base.main_company
scenario.res_partner_1233,1233,TRUE,TRUE,,,"HGT, Branch of richemont internationel SA",Champ- Nauger 4,,2416,Les Brenets,CH,,,,,,,fr_FR,base.main_company
scenario.res_partner_1236,1236,TRUE,TRUE,,,HID Global SA,Z.I. Pra-Charbon 27,,1614,Granges-Veveyse,CH,,,,,,,fr_FR,base.main_company
scenario.res_partner_1237,1237,TRUE,TRUE,,,Hong Kong Productivity Council,78 tat chee avenue,,g Kong,HKPC Building,CN,,,,,,,fr_FR,base.main_company
scenario.res_partner_1238,1238,TRUE,TRUE,,,Hublot SA,Chemin de la Vuarpillière 33,,1260,Nyon 2,CH,,,,,,,fr_FR,base.main_company
scenario.res_partner_1244,1244,TRUE,TRUE,,,Injector SA,"Grandes Vies, 1",,2900,Porrentruy,CH,,,,,,,fr_FR,base.main_company
scenario.res_partner_1245,1245,TRUE,TRUE,,,INNO materials SA,Place des Sciences 1,,2822,Courroux,CH,,,,,,,fr_FR,base.main_company
scenario.res_partner_1247,1247,TRUE,TRUE,,,IWC Schaffhausen SA,Baumgartenstrasse 15,,8201,Schaffhausen,CH,,,,,,,fr_FR,base.main_company
scenario.res_partner_1253,1253,TRUE,TRUE,,,Jacob & Co SA,Chemin du Plein-Vent 1,,1228,Genève,CH,,,,,,,fr_FR,base.main_company
scenario.res_partner_1255,1255,TRUE,TRUE,,,"Jaeger-LeCoultre, Branch of Richemont International S.A.",Rue de la Golisse 8,,1347,Le Sentier,CH,,,,,,,fr_FR,base.main_company
scenario.res_partner_1261,1261,TRUE,TRUE,,,Javent Technique,Miéville 124A,,2314,La Sagne,CH,,,,,,,fr_FR,base.main_company
scenario.res_partner_1262,1262,TRUE,TRUE,,,Jean-Louis BURDET SAS,35 Rue des Tilleuls,,25450,Damprichard,FR,,,,,,,fr_FR,base.main_company
scenario.res_partner_1263,1263,TRUE,TRUE,,,Jesa Spinning Solutions SA,Rte du Petit-Moncor 9,,1752,Villars-sur-Glâne,CH,,,,,,,fr_FR,base.main_company
scenario.res_partner_1264,1264,TRUE,TRUE,,,JetSolutions SA,Route de Montena 89,,1728,Rossens,CH,,,,,,,fr_FR,base.main_company
scenario.res_partner_1265,1265,TRUE,TRUE,,,Joseph Baume SA,Sous-la-Velle 1,,2340,Le Noirmont,CH,,,,,,,fr_FR,base.main_company
scenario.res_partner_1266,1266,TRUE,TRUE,,,Joseph Erard SA,Rue de l'Avenir 9,,2340,Le Noirmont,CH,,,,,,,fr_FR,base.main_company
scenario.res_partner_1270,1270,TRUE,TRUE,,,Junod et Clerc Mécanique Sàrl,Rue du Foyer 20,,2400,Le Locle,CH,,,,,,,fr_FR,base.main_company
scenario.res_partner_1271,1271,TRUE,TRUE,,,L.Klein SA,Chemin du Long-Champ 110,,2500,Biel/Bienne 8,CH,,,,,,,fr_FR,base.main_company
scenario.res_partner_1272,1272,TRUE,TRUE,,,L.M. Van Moppes & Sons SA,Avenue de la Praille 55,,1211,Genève 26,CH,,,,,,,fr_FR,base.main_company
scenario.res_partner_1273,1273,TRUE,TRUE,,,La Fabrique du Temps Louis Vuitton SA,Rue Alphonse-Large 11,,1217,Meyrin,CH,,,,,,,fr_FR,base.main_company
scenario.res_partner_1274,1274,TRUE,TRUE,,,La Manufacture des Franches-Montagnes SA,Rue de la Communance 116,,2362,Montfaucon,CH,,,,,,,fr_FR,base.main_company
scenario.res_partner_1275,1275,TRUE,TRUE,,,La Montre Hermès SA,Erlenstrasse 31A,,2555,Brügg BE,CH,,,,,,,fr_FR,base.main_company
scenario.res_partner_1284,1284,TRUE,TRUE,,,Laser Automation SA,Rue L.-J.-Chevrolet 1,,2300,La Chaux-de-Fonds,CH,,,,,,,fr_FR,base.main_company
scenario.res_partner_1286,1286,TRUE,TRUE,,,Les Artisans Boîtiers SA,Rue Alexis-Marie-Piaget 26,,2301,La Chaux-de-Fonds,CH,,,,,,,fr_FR,base.main_company
scenario.res_partner_1290,1290,TRUE,TRUE,,,Les Ateliers Horlogers Dior SA,Passage de la Bonne-Fontaine 41,,2301,La Chaux-de-Fonds,CH,,,,,,,fr_FR,base.main_company
scenario.res_partner_1292,1292,TRUE,TRUE,,,Les Ateliers Horlogers Louis Vuitton SA,Passage de la Bonne Fontaine 41,,2301,La Chaux-de-Fonds,CH,,,,,,,fr_FR,base.main_company
scenario.res_partner_1293,1293,TRUE,TRUE,,,LN Industries SA,Chemin de l'Etang 46,,1219,Genève,CH,,,,,,,fr_FR,base.main_company
scenario.res_partner_1294,1294,TRUE,TRUE,,,Longines Compagnie des Montres Francillon SA,Rue des Noyettes 8,,2610,St-Imier,CH,,,,,,,fr_FR,base.main_company
scenario.res_partner_1300,1300,TRUE,TRUE,,,Louis Lang S.A,Route de Fontenais 66,,2900,Porrentruy,CH,,,,,,,fr_FR,base.main_company
scenario.res_partner_1311,1311,TRUE,TRUE,,,Luen Fung Watch case factory limited,"Metropolza Tower 1 223 Hing Fong Road, Kwai Fong, N.T",,,Hong Kong Unit,CN,,,,,,,fr_FR,base.main_company
scenario.res_partner_1318,1318,TRUE,TRUE,,,"Luxury Timepiece SA, Boucheron SA",Chemin des Rochettes 2,,2016,Cortaillod,CH,,,,,,,fr_FR,base.main_company
scenario.res_partner_1319,1319,TRUE,TRUE,,,Luxury Goods International SA,Chemin des Rochettes 2,,2016,Cortaillod,CH,,,,,,,fr_FR,base.main_company
scenario.res_partner_1324,1324,TRUE,TRUE,,,LVMH SA,0,,,0,,,,,,,,fr_FR,base.main_company
scenario.res_partner_1326,1326,TRUE,TRUE,,,Magellan Watch SA,Av. de Champel 8c,,1206,Genève,CH,,,,,,,fr_FR,base.main_company
scenario.res_partner_1327,1327,TRUE,TRUE,,,Magma SA,Chemin des Aulux 18,,1228,Plan-les-Ouates,CH,,,,,,,fr_FR,base.main_company
scenario.res_partner_1328,1328,TRUE,TRUE,,,Magnin S.A.,Avenue de la Praille 50,,1227,Carouge,CH,,,,,,,fr_FR,base.main_company
scenario.res_partner_1330,1330,TRUE,TRUE,,,Manufacture Breguet SA,Crêt-du-Locle 12c,,2322,Le Crêt-du-Locle,CH,,,,,,,fr_FR,base.main_company
scenario.res_partner_1331,1331,TRUE,TRUE,,,"Manufacture Cartier La Chaux de Fonds, Branch of Richemont International SA",Chemin des Alisiers 10,,2300,La Chaux-de-Fonds,CH,,,,,,,fr_FR,base.main_company
scenario.res_partner_1351,1351,TRUE,TRUE,,,Manufacture des montres Vulcain S.A.,Chemin des Tourelles 4,,2400,Le Locle,CH,,,,,,,fr_FR,base.main_company
scenario.res_partner_1352,1352,TRUE,TRUE,,,Manufacture Horlogère de Milvignes SA,Rue de Charrière 12 A,,2013,Colombier,CH,,,,,,,fr_FR,base.main_company
scenario.res_partner_1353,1353,TRUE,TRUE,,,Manufacture Horlogère Valfleurier SA,Les Sugits 21,,2115,Buttes,CH,,,,,,,fr_FR,base.main_company
scenario.res_partner_1359,1359,TRUE,TRUE,,,Manufacture Interstrap SA,"Le Couturier du Bracelet, Rue des Quatre Vents",,25620,Mamirolle,FR,,,,,,,fr_FR,base.main_company
scenario.res_partner_1360,1360,TRUE,TRUE,,,"Manufacture Jaeger-LeCoultre, Branch of Richemont International S.A.",Rue de la Golisse 8,,1347,Le Sentier,CH,,,,,,,fr_FR,base.main_company
scenario.res_partner_1361,1361,TRUE,TRUE,,,Manufacture La Joux-Perret SA,Boulevard des Eplatures 38,,2300,La Chaux-de-Fonds,CH,,,,,,,fr_FR,base.main_company
scenario.res_partner_1362,1362,TRUE,TRUE,,,Manufacture La Joux-Perret SA,Boulevard des Eplatures 38,,2300,La Chaux-de-Fonds,CH,,,,,,,fr_FR,base.main_company
scenario.res_partner_1363,1363,TRUE,TRUE,,,Manufacture Ruedin SA,Rue de la Combe 10,,2854,Bassecourt,CH,,,,,,,fr_FR,base.main_company
scenario.res_partner_1370,1370,TRUE,TRUE,,,Manufacture Stern 1898 SA,Rue André-De-Garrini 2,,1217,Meyrin 2,CH,,,,,,,fr_FR,base.main_company
scenario.res_partner_1372,1372,TRUE,TRUE,,,"Manufactures Cartier Horlogerie, Branch of Richemont International SA",Chemin des Alisiers 10,,2300,La Chaux-de-Fonds,CH,,,,,,,fr_FR,base.main_company
scenario.res_partner_1373,1373,TRUE,TRUE,,,Mat Cut SA,Rue de l'Hotel-de-Ville 107,,2300,La Chaux-de-Fonds,CH,,,,,,,fr_FR,base.main_company
scenario.res_partner_1374,1374,TRUE,TRUE,,,Matthey Décolletages SA,Rue Jardinière 156,,2300,La Chaux-de-Fonds,CH,,,,,,,fr_FR,base.main_company
scenario.res_partner_1375,1375,TRUE,TRUE,,,Maurice de Mauriac SA,Tödistrasse 48,,8002,Zürich,CH,,,,,,,fr_FR,base.main_company
scenario.res_partner_1376,1376,TRUE,TRUE,,,Maurice Lacroix SA,Rue des Rangiers 21,,2350,Saignelégier,CH,,,,,,,fr_FR,base.main_company
scenario.res_partner_1378,1378,TRUE,TRUE,,,Mauron Musy Manufacture horlogère de la Vallée de la Broye,Chemin du Carro 2,,1566,St-Aubin,CH,,,,,,,fr_FR,base.main_company
scenario.res_partner_1379,1379,TRUE,TRUE,,,Meco SA,Schützengasse 30,,2540,Grenchen,CH,,,,,,,fr_FR,base.main_company
scenario.res_partner_1382,1382,TRUE,TRUE,,,"Medos International Sàrl,a Johnson company",Chemin Blanc 38,,2400,Le Locle,CH,,,,,,,fr_FR,base.main_company
scenario.res_partner_1383,1383,TRUE,TRUE,,,Mensys SA,Rue du Progrès 89,,2300,La Chaux-de-Fonds,CH,,,,,,,fr_FR,base.main_company
scenario.res_partner_1384,1384,TRUE,TRUE,,,Menuiserie Kaufmann SA,Les Reprises 16,,2300,Cibourg,CH,,,,,,,fr_FR,base.main_company
scenario.res_partner_1385,1385,TRUE,TRUE,,,Metalem SA,0,,,0,,,,,,,,fr_FR,base.main_company
scenario.res_partner_1386,1386,TRUE,TRUE,,,Meylan Frères SA,Route du Planoz 31,,1348,Brassus,CH,,,,,,,fr_FR,base.main_company
scenario.res_partner_1387,1387,TRUE,TRUE,,,MGI Luxury Group SA / CONCORD,Place de la Gare 2B,,2501,Bienne,CH,,,,,,,fr_FR,base.main_company
scenario.res_partner_1392,1392,TRUE,TRUE,,,"MGI LUXURY GROUP SA, Division Ebel",Rue de Nidau 35,,2501,Biel/Bienne,,,,,,,,fr_FR,base.main_company
scenario.res_partner_1393,1393,TRUE,TRUE,,,Michel Herbelin SA,"9, Rue de la 1ère Armée",,25140,Charquemont,FR,,,,,,,fr_FR,base.main_company
scenario.res_partner_1395,1395,TRUE,TRUE,,,Microedge Sàrl,Via Monnet 6,,1214,Vernier,CH,,,,,,,fr_FR,base.main_company
scenario.res_partner_1396,1396,TRUE,TRUE,,,Mido SA,Chemin des Tourelles 17,,2400,Le Locle,CH,,,,,,,fr_FR,base.main_company
scenario.res_partner_1398,1398,TRUE,TRUE,,,Monnaie de Paris,11 Quai de Conti 75270 Paris Cedex 06,,33600,Pessac,FR,,,,,,,fr_FR,base.main_company
scenario.res_partner_1399,1399,TRUE,TRUE,,,Monnin SA,Route de Pierre-Pertuis 18,,2605,Sonceboz,CH,,,,,,,fr_FR,base.main_company
scenario.res_partner_1400,1400,TRUE,TRUE,,,Montavon SA,Case Postale 26,,2856,Boécourt,CH,,,,,,,fr_FR,base.main_company
scenario.res_partner_1401,1401,TRUE,TRUE,,,Montblanc Montres SA,Chemin des Tourelles 10,,2400,Le Locle,CH,,,,,,,fr_FR,base.main_company
scenario.res_partner_1416,1416,TRUE,TRUE,,,Montremo SA,0,,,0,,,,,,,,fr_FR,base.main_company
scenario.res_partner_1417,1417,TRUE,TRUE,,,Montres Antima SA,Ritterweg 8,,2502,Bienne,CH,,,,,,,fr_FR,base.main_company
scenario.res_partner_1418,1418,TRUE,TRUE,,,Montres Breguet SA,Rue Alfred Lugrin 2,,1344,L'Abbaye,CH,,,,,,,fr_FR,base.main_company
scenario.res_partner_1425,1425,TRUE,TRUE,,,Montres Corum Sàrl,Rue du Petit-Château 1,,2300,La Chaux-de-Fonds,CH,,,,,,,fr_FR,base.main_company
scenario.res_partner_1428,1428,TRUE,TRUE,,,Montres Jaquet Droz SA,Allée du Tourbillon 2,,2300,La Chaux-de-Fonds,CH,,,,,,,fr_FR,base.main_company
scenario.res_partner_1431,1431,TRUE,TRUE,,,Montres Journe SA,Rue de l'Arquebuse 17,,1204,Genève,CH,,,,,,,fr_FR,base.main_company
scenario.res_partner_1432,1432,TRUE,TRUE,,,Movado Group Inc,Bahnhofplatz 2B,,2501,Bienne,CH,,,,,,,fr_FR,base.main_company
scenario.res_partner_1433,1433,TRUE,TRUE,,,MRP SA,Route de Courgenay 40,,2942,Alle,CH,,,,,,,fr_FR,base.main_company
scenario.res_partner_1435,1435,TRUE,TRUE,,,Nivarox SA,Av. Du Collège 10,,2400,Le Locle,CH,,,,,,,fr_FR,base.main_company
scenario.res_partner_1436,1436,TRUE,TRUE,,,Novotech SA,Rue du Stade 2,,2340,Le Noirmont,CH,,,,,,,fr_FR,base.main_company
scenario.res_partner_1438,1438,TRUE,TRUE,,,Oerlikon Balzers AG,"Coating Center, Iramali 18",,9496,Balzers,LI,,,,,,,fr_FR,base.main_company
scenario.res_partner_1441,1441,TRUE,TRUE,,,Officine Panerai Branch of Richemont International S.A.,Route de Pierre-à-Bot 87,,2000,Neuchâtel,CH,,,,,,,fr_FR,base.main_company
scenario.res_partner_1454,1454,TRUE,TRUE,,,Omega SA,Rue Jacob-Stäpfli 96,,2504,Bienne,CH,,,,,,,fr_FR,base.main_company
scenario.res_partner_1468,1468,TRUE,TRUE,,,Opal créations SA,0,,,0,,,,,,,,fr_FR,base.main_company
scenario.res_partner_1469,1469,TRUE,TRUE,,,Orolux SA,Rue du Clos-Frésard 10,,2340,Le Noirmont,CH,,,,,,,fr_FR,base.main_company
scenario.res_partner_1477,1477,TRUE,TRUE,,,Panatere SA,Rue des Places 13,,2855,Glovelier,CH,,,,,,,fr_FR,base.main_company
scenario.res_partner_1478,1478,TRUE,TRUE,,,Pascal Vincent Vaucher SA,Chemin de la Marbrerie 5,,1227,Carouge,CH,,,,,,,fr_FR,base.main_company
scenario.res_partner_1479,1479,TRUE,TRUE,,,Patek Philippe S.A.,Chemin du Pont-du-Centenaire 141,,1228,Plan-les-Ouates,CH,,,,,,,fr_FR,base.main_company
scenario.res_partner_1489,1489,TRUE,TRUE,,,Petitpierre S.A,Chemin des Murgiers 12 Case Postale,,2016,Cortaillod,CH,,,,,,,fr_FR,base.main_company
scenario.res_partner_1490,1490,TRUE,TRUE,,,"Piaget, Branch of Richemont International SA",Chemin du Champ-des-Filles 37,,1228,Plan-Les-Ouates,CH,,,,,,,fr_FR,base.main_company
scenario.res_partner_1498,1498,TRUE,TRUE,,,Pino Aliprandini SA,Chemin des Bézaley 45,,1247,Anière,CH,,,,,,,fr_FR,base.main_company
scenario.res_partner_1500,1500,TRUE,TRUE,,,Positive Coating SA,Rue des Champs 12,,2300,La Chaux-de-Fonds,CH,,,,,,,fr_FR,base.main_company
scenario.res_partner_1504,1504,TRUE,TRUE,,,Preci-coat SA,L.-J. Chevrolet 19,,2300,La Chaux-de-Fonds,CH,,,,,,,fr_FR,base.main_company
scenario.res_partner_1505,1505,TRUE,TRUE,,,Prom'Or SA,"7, Le Breuil Sud",,43230,Paulhaguet,FR,,,,,,,fr_FR,base.main_company
scenario.res_partner_1506,1506,TRUE,TRUE,,,Promotech SA,Rue du Stade 2C,,2340,Le Noirmont,CH,,,,,,,fr_FR,base.main_company
scenario.res_partner_1511,1511,TRUE,TRUE,,,Promotion SPA,Via Brenta 44,,36077,Altavilla Vicentina VI,IT,,,,,,,fr_FR,base.main_company
scenario.res_partner_1516,1516,TRUE,TRUE,,,PX Precinox SA,Bd. Eplatures 42,,2304,La Chaux-de-Fonds,CH,,,,,,,fr_FR,base.main_company
scenario.res_partner_1517,1517,TRUE,TRUE,,,QTEM,"Suite 146, Yeoksam Hyundai Venture Tel,#642-1, Yeoksam dong, Gangnam gu, Seoul,",,,"KR-135-910,",KR,,,,,,,fr_FR,base.main_company
scenario.res_partner_1518,1518,TRUE,TRUE,,,Queloz SA,Rue Bel-Air 14 Case postale 154,,2350,Saignelégier,CH,,,,,,,fr_FR,base.main_company
scenario.res_partner_1521,1521,TRUE,TRUE,,,Quertech SA,"9, Rue de la Girafe",,14000,Caen,FR,,,,,,,fr_FR,base.main_company
scenario.res_partner_1524,1524,TRUE,TRUE,,,Rado Watch Co. Ltd.,Route de Bienne 45,,2543,Lengnau,CH,,,,,,,fr_FR,base.main_company
scenario.res_partner_1537,1537,TRUE,TRUE,,,Raoul Guyot S.A.,Rue Numa-Droz 10-12,,2303,La Chaux-de-Fonds,CH,,,,,,,fr_FR,base.main_company
scenario.res_partner_1540,1540,TRUE,TRUE,,,Red Gain LTD.,"Flat D, 2/F, Mai Shun Ind Bldg., 18-24, Kwai Cheong Rd",,,Kwai Chung N.T,HK,,,,,,,fr_FR,base.main_company
scenario.res_partner_1541,1541,TRUE,TRUE,,,Rolex SA,Rue Francois-Dussaud 3-5-7,,1211,Genève 26,CH,,,,,,,fr_FR,base.main_company
scenario.res_partner_1555,1555,TRUE,TRUE,,,Roventa-Henex SA,Rue du Crêt 16,,2710,Tavannes,CH,,,,,,,fr_FR,base.main_company
scenario.res_partner_1559,1559,TRUE,TRUE,,,S.A. G. & E. Bouille Luxury Watch Case Manufacturer,Monruz 17,,2000,Neuchâtel,CH,,,,,,,fr_FR,base.main_company
scenario.res_partner_1561,1561,TRUE,TRUE,,,Schwarz Etienne SA,Av. Léopold-Robert 82,,2301,La Chaux-de-Fonds,CH,,,,,,,fr_FR,base.main_company
scenario.res_partner_1562,1562,TRUE,TRUE,,,Simon & Membrez SA,Route de la Communance 86,,2800,Delémont 1,CH,,,,,,,fr_FR,base.main_company
scenario.res_partner_1569,1569,TRUE,TRUE,,,Singer-Someco SA,0,,,0,,,,,,,,fr_FR,base.main_company
scenario.res_partner_1570,1570,TRUE,TRUE,,,Smile Line SA,"Z.I. La Clef, 5",,2610,St-Imier,CH,,,,,,,fr_FR,base.main_company
scenario.res_partner_1572,1572,TRUE,TRUE,,,Someco SA,0,,,0,,,,,,,,fr_FR,base.main_company
scenario.res_partner_1573,1573,TRUE,TRUE,,,Sowind manufactures /Girard-Perrgaux,Numa-Droz 136-138,,2301,La Chaux-de-Fonds,CH,,,,,,,fr_FR,base.main_company
scenario.res_partner_1575,1575,TRUE,TRUE,,,Sowind SA,Place Girardet 1,,2301,La Chaux-de-Fonds,CH,,,,,,,fr_FR,base.main_company
scenario.res_partner_1579,1579,TRUE,TRUE,,,Sowind SA Division Girard- Perregaux,Numa-Droz 136-138,,2301,La Chaux-de-Fonds,CH,,,,,,,fr_FR,base.main_company
scenario.res_partner_1582,1582,TRUE,TRUE,,,Surfaces Synergie Groupe,"8, Rue de la Batheuse",,25120,Maiche,FR,,,,,,,fr_FR,base.main_company
scenario.res_partner_1586,1586,TRUE,TRUE,,,Swatch AG,Jakob Stämpflistrasse 94,,2500,Bienne,CH,,,,,,,fr_FR,base.main_company
scenario.res_partner_1589,1589,TRUE,TRUE,,,Swatch Group Quality Management SA,Bözingenstrasse 9,,2502,Biel/ Bienne,CH,,,,,,,fr_FR,base.main_company
scenario.res_partner_1600,1600,TRUE,TRUE,,,Swissmec SA,Rue de la jaluse 6,,2400,Le Locle,CH,,,,,,,fr_FR,base.main_company
scenario.res_partner_1601,1601,TRUE,TRUE,,,Synergies Horlogères SA,Chemin de la Clôture 6,,2502,Bienne,CH,,,,,,,fr_FR,base.main_company
scenario.res_partner_1602,1602,TRUE,TRUE,,,Syvaco Sàrl,Av. Louis Pictet 9a,,1214,Vernier ( Genève),CH,,,,,,,fr_FR,base.main_company
scenario.res_partner_1603,1603,TRUE,TRUE,,,"Tag Heuer, Manufacture de boîtes de montres, succursales de LVMH Swiss Manufacture SA.",Route d'Alle,,2952,Cornol,CH,,,,,,,fr_FR,base.main_company
scenario.res_partner_1615,1615,TRUE,TRUE,,,"Tag-Heuer, Branch of LVMH Swiss Manufactures SA",Rue Louis-Joseph Chevrolet 6a,,2300,La Chaux-de-Fonds,CH,,,,,,,fr_FR,base.main_company
scenario.res_partner_1626,1626,TRUE,TRUE,,,Technofinish SA,Eckweg 8,,2504,Bienne,CH,,,,,,,fr_FR,base.main_company
scenario.res_partner_1627,1627,TRUE,TRUE,,,Tema Sàrl,Boulevard des Eplatures 46b,,2300,La Chaux-de-Fonds,CH,,,,,,,fr_FR,base.main_company
scenario.res_partner_1628,1628,TRUE,TRUE,,,Tenax SA,Zone Industrielle Case Postale 60,,2345,Les Breuleux,CH,,,,,,,fr_FR,base.main_company
scenario.res_partner_1629,1629,TRUE,TRUE,,,TESA SA,Rue du Bugnon 38,,1020,Renens,CH,,,,,,,fr_FR,base.main_company
scenario.res_partner_1630,1630,TRUE,TRUE,,,Tiffany & Co,Via Lavizzari 6,,6830,Chiasso,CH,,,,,,,fr_FR,base.main_company
scenario.res_partner_1639,1639,TRUE,TRUE,,,Tissot SA,Chemin des Tourelles 17,,2400,Le Locle,CH,,,,,,,fr_FR,base.main_company
scenario.res_partner_1647,1647,TRUE,TRUE,,,Triportail SA,Place Claparède 5,,1205,Genève,CH,,,,,,,fr_FR,base.main_company
scenario.res_partner_1649,1649,TRUE,TRUE,,,Tschumy & Barben SA,Rue du Crêt-Rossel 5,,2300,La Chaux-de.Fonds,CH,,,,,,,fr_FR,base.main_company
scenario.res_partner_1650,1650,TRUE,TRUE,,,Ulysse Nardin SA,Rue du Jardin 3,,2400,Le Locle,CH,,,,,,,fr_FR,base.main_company
scenario.res_partner_1654,1654,TRUE,TRUE,,,UM2 SA,Rue du Collège 85,,2300,La Chaux-de-Fonds,CH,,,,,,,fr_FR,base.main_company
scenario.res_partner_1655,1655,TRUE,TRUE,,,U-Man watches Sàrl,"Route des Jeunes, 59",,1227,Carouge,CH,,,,,,,fr_FR,base.main_company
scenario.res_partner_1657,1657,TRUE,TRUE,,,Universo SA,Rue Louis-Joseph Chevrolet 43,,2301,La Chaux-de-Fonds,CH,,,,,,,fr_FR,base.main_company
scenario.res_partner_1659,1659,TRUE,TRUE,,,Vacheron Constantin,"Route de France 100B, CP 43",,1348,Le Brassus,CH,,,,,,,fr_FR,base.main_company
scenario.res_partner_1665,1665,TRUE,TRUE,,,Vacor AG,Neugrüt 7,,9477,Trübbach,CH,,,,,,,fr_FR,base.main_company
scenario.res_partner_1668,1668,TRUE,TRUE,,,Valgine SA,Rue du Jura 11,,2345,Les Breuleux,CH,,,,,,,fr_FR,base.main_company
scenario.res_partner_1674,1674,TRUE,TRUE,,,Van Cleef & Arpels SA,Rue André de Garinni 2,,1227,Meyrin,CH,,,,,,,fr_FR,base.main_company
scenario.res_partner_1679,1679,TRUE,TRUE,,,Vaucher Manufacture Fleurier SA,Ch. du Righi 2,,2114,Fleurier,CH,,,,,,,fr_FR,base.main_company
scenario.res_partner_1684,1684,TRUE,TRUE,,,VERDON SA,Rue Président-Wilson 5,,2300,La Chaux-de-Fonds,CH,,,,,,,fr_FR,base.main_company
scenario.res_partner_1685,1685,TRUE,TRUE,,,Werthanor SA,,,,,,,,,,,,fr_FR,base.main_company
scenario.res_partner_1686,1686,TRUE,TRUE,,,Your Watch SA,Rue des Draizes 5,,2000,Neuchâtel,CH,,,,,,,fr_FR,base.main_company
scenario.res_partner_1687,1687,TRUE,TRUE,,,"Zenith, succursale de LVMH Swiss Manufactures SA",Rue des Billodes 34-36,,2400,Le Locle,CH,,,,,,,fr_FR,base.main_company
